data,pret inchidere,pret inchidere ajustat,volum
2005-11-30,0.1073,0.2473,8831170
2005-12-05,0.1026,0.2365,3208431
2005-12-06,0.1007,0.2321,3655776
2005-12-07,0.1035,0.2386,1718088
2005-12-08,0.1035,0.2386,2451677
2005-12-09,0.1007,0.2321,953047
2005-12-12,0.0998,0.2299,1522904
2005-12-13,0.0969,0.2234,1202711
2005-12-14,0.0951,0.2191,1539610
2005-12-15,0.096,0.2213,1889027
2005-12-16,0.0979,0.2256,950829
2005-12-19,0.0998,0.2299,2044085
2005-12-20,0.0969,0.2234,2308647
2005-12-21,0.096,0.2213,983452
2005-12-22,0.0941,0.2169,2766469
2005-12-23,0.096,0.2213,35545811
2006-01-03,0.0998,0.2299,705491
2006-01-04,0.1016,0.2343,1682522
2006-01-05,0.1007,0.2321,794919
2006-01-06,0.1045,0.2408,1370215
2006-01-09,0.1082,0.2495,2656549
2006-01-10,0.1073,0.2473,2208111
2006-01-11,0.1092,0.2516,1867060
2006-01-12,0.1092,0.2516,1674356
2006-01-13,0.1092,0.2516,1065507
2006-01-16,0.1111,0.256,2151582
2006-01-17,0.1101,0.2538,2623939
2006-01-18,0.1054,0.243,2495055
2006-01-19,0.1092,0.2516,1827608
2006-01-20,0.1073,0.2473,1328812
2006-01-23,0.1064,0.2451,1323331
2006-01-24,0.1082,0.2495,2715439
2006-01-25,0.1092,0.2516,608753
2006-01-26,0.1092,0.2516,2691436
2006-01-27,0.112,0.2581,1999222
2006-01-30,0.1186,0.2733,6685411
2006-02-03,0.1195,0.2755,9893145
2006-02-06,0.1195,0.2755,3081069
2006-02-07,0.1224,0.282,2900459
2006-02-08,0.1271,0.2929,6827138
2006-02-09,0.128,0.295,2926948
2006-02-10,0.1318,0.3037,4013881
2006-02-13,0.1299,0.2994,3997359
2006-02-14,0.1242,0.2863,5770745
2006-02-15,0.1242,0.2863,3595652
2006-02-16,0.128,0.295,4125002
2006-02-17,0.1261,0.2907,1055343
2006-02-20,0.1242,0.2863,1918382
2006-02-21,0.1214,0.2798,3504518
2006-02-22,0.1242,0.2863,1690510
2006-02-23,0.1233,0.2842,1817608
2006-02-24,0.1233,0.2842,402698
2006-02-27,0.1242,0.2863,337221
2006-02-28,0.1242,0.2863,1233039
2006-03-01,0.1299,0.2994,3783986
2006-03-02,0.1252,0.2885,2011810
2006-03-03,0.128,0.295,1236909
2006-03-06,0.1261,0.2907,1528684
2006-03-07,0.1261,0.2907,343665
2006-03-08,0.1261,0.2907,509974
2006-03-09,0.1233,0.2842,1029533
2006-03-10,0.1224,0.282,2568756
2006-03-13,0.1233,0.2842,1086410
2006-03-16,0.1233,0.2842,4906548
2006-03-17,0.1224,0.282,1206547
2006-03-20,0.1195,0.2755,2026447
2006-03-21,0.1195,0.2755,2998933
2006-03-22,0.1214,0.2798,903429
2006-03-23,0.1224,0.282,739872
2006-03-24,0.1214,0.2798,292548
2006-03-27,0.1214,0.2798,284891
2006-03-28,0.1214,0.2798,366500
2006-03-29,0.1195,0.2755,1575355
2006-03-30,0.1195,0.2755,986546
2006-03-31,0.1195,0.2755,1102608
2006-04-03,0.1205,0.2777,458703
2006-04-04,0.1186,0.2733,773380
2006-04-05,0.1158,0.2668,849546
2006-04-06,0.1139,0.2625,884345
2006-04-07,0.1148,0.2647,418397
2006-04-10,0.1176,0.2712,350850
2006-04-11,0.1195,0.2755,824937
2006-04-12,0.1224,0.282,1677914
2006-04-13,0.1205,0.2777,425487
2006-04-14,0.1195,0.2755,258826
2006-04-17,0.1195,0.2755,3777737
2006-04-18,0.1195,0.2755,416081
2006-04-19,0.1186,0.2733,2119713
2006-04-20,0.1186,0.2733,1574186
2006-04-21,0.1205,0.2777,1125593
2006-04-25,0.1195,0.2755,195189
2006-05-02,0.1186,0.2733,688939
2006-05-03,0.1167,0.269,1103443
2006-05-04,0.1167,0.269,3353079
2006-05-05,0.1167,0.269,1557972
2006-05-08,0.1158,0.2668,518717
2006-05-09,0.1167,0.269,526164
2006-05-10,0.1167,0.269,403996
2006-05-11,0.1176,0.2712,1541946
2006-05-12,0.1176,0.2712,171724
2006-05-15,0.1158,0.2668,626344
2006-05-17,0.1167,0.269,1556532
2006-05-18,0.1176,0.2712,630372
2006-05-19,0.1167,0.269,1072753
2006-05-22,0.1139,0.2625,1256861
2006-05-25,0.1158,0.2668,1315429
2006-05-26,0.1167,0.269,930875
2006-05-29,0.1176,0.2712,2757700
2006-05-30,0.1167,0.269,588776
2006-05-31,0.1158,0.2668,778286
2006-06-01,0.1158,0.2668,1000146
2006-06-02,0.1158,0.2668,16330878
2006-06-05,0.1356,0.2668,9000
2006-06-06,0.124,0.244,619191
2006-06-07,0.1235,0.2429,277909
2006-06-08,0.1214,0.2389,441544
2006-06-09,0.1191,0.2343,593730
2006-06-12,0.1129,0.2221,629665
2006-06-13,0.1098,0.216,738844
2006-06-14,0.1116,0.2196,275719
2006-06-15,0.1126,0.2216,137137
2006-06-16,0.1147,0.2257,322045
2006-06-19,0.1152,0.2267,3144996
2006-06-20,0.1137,0.2236,250004
2006-06-21,0.1124,0.2211,108409
2006-06-22,0.1118,0.2201,105744
2006-06-23,0.1111,0.2185,123975
2006-06-26,0.1113,0.219,128406
2006-06-27,0.1111,0.2185,185469
2006-06-28,0.1157,0.2277,1013489
2006-06-29,0.1199,0.2358,293280
2006-06-30,0.1227,0.2414,652717
2006-07-03,0.1317,0.2592,786948
2006-07-04,0.133,0.2617,838848
2006-07-05,0.1304,0.2567,189391
2006-07-06,0.1343,0.2643,348258
2006-07-07,0.1459,0.2872,1308577
2006-07-10,0.1459,0.2872,599056
2006-07-11,0.1421,0.2795,427274
2006-07-12,0.1434,0.2821,277165
2006-07-13,0.1408,0.277,287080
2006-07-14,0.1485,0.2922,1296316
2006-07-17,0.1459,0.2872,281068
2006-07-18,0.1459,0.2872,474362
2006-07-19,0.1446,0.2846,211775
2006-07-20,0.1434,0.2821,185580
2006-07-21,0.1434,0.2821,92361
2006-07-24,0.1434,0.2821,132825
2006-07-25,0.1408,0.277,179544
2006-07-26,0.1446,0.2846,148502
2006-07-27,0.1459,0.2872,257916
2006-07-28,0.1472,0.2897,370367
2006-07-31,0.1485,0.2922,242796
2006-08-01,0.155,0.3049,3015646
2006-08-02,0.1524,0.2999,96770
2006-08-03,0.1511,0.2973,200002
2006-08-04,0.1485,0.2922,223819
2006-08-16,0.1485,0.2922,362236
2006-08-17,0.1485,0.2922,274728
2006-08-18,0.1472,0.2897,633625
2006-08-21,0.1459,0.2872,410758
2006-08-22,0.1446,0.2846,429335
2006-08-23,0.1421,0.2795,504392
2006-08-24,0.1434,0.2821,102821
2006-08-25,0.1434,0.2821,237349
2006-08-28,0.1434,0.2821,664544
2006-08-29,0.1459,0.2872,459862
2006-08-30,0.1459,0.2872,328231
2006-08-31,0.1472,0.2897,474849
2006-09-01,0.1459,0.2872,99432
2006-09-04,0.1472,0.2897,311661
2006-09-05,0.1459,0.2872,335742
2006-09-06,0.1472,0.2897,1531559
2006-09-07,0.1446,0.2846,1124187
2006-09-08,0.1459,0.2872,215389
2006-09-11,0.1459,0.2872,1085432
2006-09-12,0.1446,0.2846,374850
2006-09-13,0.1446,0.2846,182496
2006-09-14,0.1434,0.2821,496477
2006-09-15,0.1511,0.2973,3751405
2006-09-18,0.1472,0.2897,276078
2006-09-19,0.1459,0.2872,388838
2006-09-20,0.1446,0.2846,651098
2006-09-21,0.1459,0.2872,703160
2006-09-22,0.1446,0.2846,123160
2006-09-25,0.1459,0.2872,831690
2006-09-26,0.1459,0.2872,349807
2006-09-27,0.1446,0.2846,73045
2006-09-28,0.1446,0.2846,316901
2006-09-29,0.1459,0.2872,346294
2006-10-02,0.1472,0.2897,889207
2006-10-03,0.1472,0.2897,717367
2006-10-04,0.1537,0.3024,1692247
2006-10-05,0.1537,0.3024,361847
2006-10-06,0.1537,0.3024,197555
2006-10-09,0.1524,0.2999,233800
2006-10-10,0.1511,0.2973,290653
2006-10-11,0.1511,0.2973,457322
2006-10-12,0.1511,0.2973,275916
2006-10-13,0.1614,0.3176,3020542
2006-10-16,0.1614,0.3176,478020
2006-10-17,0.164,0.3227,1025479
2006-10-18,0.164,0.3227,888960
2006-10-19,0.164,0.3227,401119
2006-10-20,0.1653,0.3253,492410
2006-10-23,0.1731,0.3405,1244522
2006-10-24,0.1718,0.338,995158
2006-10-25,0.1718,0.338,1226093
2006-10-26,0.1808,0.3558,2223396
2006-10-27,0.1795,0.3532,893287
2006-10-30,0.1705,0.3354,1344875
2006-10-31,0.1769,0.3481,600239
2006-11-01,0.1821,0.3583,3550199
2006-11-02,0.1808,0.3558,1119752
2006-11-03,0.1808,0.3558,1186344
2006-11-06,0.1821,0.3583,334058
2006-11-07,0.1795,0.3532,1098608
2006-11-08,0.1731,0.3405,836275
2006-11-09,0.1795,0.3532,1021871
2006-11-10,0.1769,0.3481,156475
2006-11-13,0.1731,0.3405,616421
2006-11-14,0.1744,0.3431,341449
2006-11-15,0.1731,0.3405,437427
2006-11-16,0.1705,0.3354,2286385
2006-11-17,0.1705,0.3354,689361
2006-11-20,0.1744,0.3431,318328
2006-11-21,0.1756,0.3456,568390
2006-11-22,0.1744,0.3431,172574
2006-11-23,0.1731,0.3405,184890
2006-11-24,0.1731,0.3405,1138661
2006-11-27,0.1731,0.3405,243126
2006-11-28,0.1705,0.3354,298264
2006-11-29,0.1718,0.338,239192
2006-11-30,0.1692,0.3329,488009
2006-12-04,0.1653,0.3253,941099
2006-12-05,0.1653,0.3253,380186
2006-12-06,0.1653,0.3253,572603
2006-12-07,0.1679,0.3304,712708
2006-12-08,0.1666,0.3278,204770
2006-12-13,0.1653,0.3253,384151
2006-12-14,0.1705,0.3354,363642
2006-12-15,0.1692,0.3329,1142175
2006-12-18,0.1679,0.3304,1184576
2006-12-19,0.1705,0.3354,1530243
2007-01-09,0.1769,0.3481,4200653
2007-01-10,0.1769,0.3481,1398855
2007-01-11,0.1795,0.3532,945574
2007-01-12,0.1782,0.3507,591411
2007-01-15,0.1769,0.3481,672592
2007-01-16,0.1769,0.3481,886683
2007-01-17,0.1769,0.3481,221268
2007-01-18,0.1731,0.3405,279859
2007-01-19,0.1731,0.3405,399678
2007-01-22,0.1769,0.3481,582050
2007-01-23,0.1756,0.3456,299839
2007-01-24,0.1744,0.3431,498659
2007-01-25,0.1756,0.3456,1318500
2007-01-26,0.1756,0.3456,112086
2007-01-29,0.1744,0.3431,635700
2007-01-30,0.1769,0.3481,734230
2007-01-31,0.1795,0.3532,427918
2007-02-01,0.1847,0.3634,3330437
2007-02-02,0.1873,0.3685,1914044
2007-02-05,0.186,0.3659,1232416
2007-02-06,0.1847,0.3634,949606
2007-02-07,0.186,0.3659,1269135
2007-02-08,0.186,0.3659,393018
2007-02-09,0.186,0.3659,391594
2007-02-12,0.186,0.3659,370951
2007-02-13,0.1821,0.3583,986775
2007-02-14,0.1821,0.3583,1292972
2007-02-15,0.1834,0.3608,469023
2007-02-16,0.1821,0.3583,353763
2007-02-19,0.1808,0.3558,729709
2007-02-20,0.1808,0.3558,504002
2007-02-21,0.1808,0.3558,387766
2007-02-22,0.1808,0.3558,189057
2007-02-23,0.1808,0.3558,371966
2007-02-26,0.1821,0.3583,833142
2007-02-27,0.1821,0.3583,1078846
2007-02-28,0.1756,0.3456,1750075
2007-03-01,0.1756,0.3456,658616
2007-03-02,0.1744,0.3431,1229892
2007-03-05,0.1627,0.3202,1918106
2007-03-06,0.1705,0.3354,924039
2007-03-07,0.1744,0.3431,482495
2007-03-08,0.1756,0.3456,385557
2007-03-09,0.1731,0.3405,379362
2007-03-12,0.1744,0.3431,200068
2007-03-13,0.1756,0.3456,792686
2007-03-14,0.1744,0.3431,1875825
2007-03-15,0.1744,0.3431,382530
2007-03-16,0.1756,0.3456,620641
2007-03-19,0.1756,0.3456,245253
2007-03-20,0.1756,0.3456,548396
2007-03-21,0.1782,0.3507,943389
2007-03-22,0.1808,0.3558,1236398
2007-03-23,0.1821,0.3583,866657
2007-03-26,0.1795,0.3532,232463
2007-03-27,0.1808,0.3558,89909
2007-03-28,0.1782,0.3507,369539
2007-03-29,0.186,0.3659,2107476
2007-03-30,0.186,0.3659,3024585
2007-04-02,0.1873,0.3685,400688
2007-04-03,0.186,0.3659,929536
2007-04-04,0.1873,0.3685,1552183
2007-04-05,0.186,0.3659,690673
2007-04-06,0.1834,0.3608,51167
2007-04-10,0.1847,0.3634,1179504
2007-04-11,0.1873,0.3685,1460386
2007-04-12,0.186,0.3659,852230
2007-04-13,0.186,0.3659,156232
2007-04-16,0.186,0.3659,669231
2007-04-17,0.1911,0.3761,2335668
2007-04-18,0.1886,0.371,1337700
2007-04-19,0.186,0.3659,815993
2007-04-20,0.1873,0.3685,378177
2007-04-23,0.1924,0.3786,1336740
2007-05-02,0.195,0.3837,1622604
2007-05-03,0.1937,0.3812,1352078
2007-05-04,0.1963,0.3863,652109
2007-05-07,0.1963,0.3863,1096544
2007-05-08,0.1924,0.3786,1172056
2007-05-09,0.1937,0.3812,2210067
2007-05-10,0.2363,0.3812,1779984
2007-05-11,0.2324,0.375,698102
2007-05-14,0.2324,0.375,610837
2007-05-15,0.2324,0.375,472058
2007-05-16,0.2343,0.3781,423140
2007-05-17,0.2343,0.3781,937689
2007-05-18,0.2363,0.3812,229028
2007-05-21,0.2363,0.3812,383997
2007-05-22,0.2363,0.3812,421337
2007-05-23,0.2363,0.3812,310213
2007-05-24,0.2343,0.3781,275154
2007-05-25,0.2343,0.3781,1114685
2007-05-28,0.2343,0.3781,604946
2007-05-29,0.2363,0.3812,363937
2007-05-30,0.2343,0.3781,519730
2007-05-31,0.2363,0.3812,543736
2007-06-01,0.2401,0.3874,351684
2007-06-04,0.2439,0.3936,433238
2007-06-05,0.2497,0.4029,353012
2007-06-06,0.2497,0.4029,1128738
2007-06-07,0.2478,0.3998,109366
2007-06-08,0.2478,0.3998,725797
2007-06-11,0.2516,0.406,141847
2007-06-12,0.2516,0.406,367235
2007-06-13,0.2516,0.406,295708
2007-06-14,0.2516,0.406,260872
2007-06-15,0.2497,0.4029,322672
2007-06-18,0.2516,0.406,271598
2007-06-19,0.2535,0.4091,689913
2007-06-20,0.2516,0.406,273756
2007-06-21,0.2574,0.4153,354231
2007-06-22,0.2651,0.4277,531307
2007-06-25,0.2689,0.4339,294085
2007-06-26,0.267,0.4308,857940
2007-06-27,0.2651,0.4277,132798
2007-06-28,0.2689,0.4339,546534
2007-06-29,0.2708,0.437,417174
2007-07-02,0.2689,0.4339,272660
2007-07-03,0.2728,0.4401,402739
2007-07-04,0.2766,0.4463,478204
2007-07-05,0.2747,0.4432,402359
2007-07-06,0.2766,0.4463,315457
2007-07-09,0.2804,0.4525,271510
2007-07-10,0.2862,0.4618,994153
2007-07-11,0.292,0.4711,1006880
2007-07-12,0.2881,0.4649,467976
2007-07-13,0.3054,0.4927,808833
2007-07-16,0.3189,0.5144,1275587
2007-07-17,0.3246,0.5237,1426127
2007-07-18,0.3457,0.5578,1859490
2007-07-19,0.3381,0.5454,716893
2007-07-20,0.3342,0.5392,650523
2007-07-23,0.3477,0.5609,611359
2007-07-24,0.3438,0.5547,455106
2007-07-25,0.3342,0.5392,629921
2007-07-26,0.3246,0.5237,546279
2007-07-27,0.3131,0.5051,915697
2007-07-30,0.3093,0.4989,1478474
2007-07-31,0.315,0.5082,862834
2007-08-01,0.3112,0.502,1201378
2007-08-02,0.3208,0.5175,854556
2007-08-03,0.3189,0.5144,2363887
2007-08-06,0.3189,0.5144,243748
2007-08-09,0.3208,0.5175,947162
2007-08-10,0.3112,0.502,1261371
2007-08-13,0.3112,0.502,443501
2007-08-14,0.315,0.5082,326758
2007-08-15,0.3112,0.502,440323
2007-08-16,0.2958,0.4773,2203880
2007-08-17,0.2958,0.4773,50400
2007-08-20,0.315,0.5082,7019516
2007-08-21,0.3227,0.5206,2000528
2007-08-22,0.3342,0.5392,2688978
2007-08-23,0.3342,0.5392,4668972
2007-08-24,0.3381,0.5454,1285960
2007-08-27,0.3419,0.5516,1197737
2007-08-28,0.34,0.5485,1883618
2007-08-29,0.3361,0.5423,2314483
2007-08-30,0.3381,0.5454,845105
2007-08-31,0.3438,0.5547,532429
2007-09-03,0.34,0.5485,616464
2007-09-04,0.3457,0.5578,357695
2007-09-05,0.3438,0.5547,321664
2007-09-06,0.3419,0.5516,349564
2007-09-07,0.3419,0.5516,548318
2007-09-10,0.3419,0.5516,1316797
2007-09-11,0.3419,0.5516,596840
2007-09-12,0.3515,0.5671,1000139
2007-09-13,0.363,0.5857,757314
2007-09-14,0.3669,0.5919,1125334
2007-09-17,0.3765,0.6074,1279766
2007-09-18,0.3669,0.5919,1238874
2007-09-21,0.3707,0.5981,1861411
2007-09-24,0.363,0.5857,933906
2007-09-25,0.3534,0.5702,704285
2007-09-26,0.3457,0.5578,2767582
2007-09-27,0.3419,0.5516,1724123
2007-09-28,0.34,0.5485,3031502
2007-10-01,0.3534,0.5702,1886316
2007-10-02,0.3573,0.5764,7540301
2007-10-03,0.5403,0.5764,2683937
2007-10-04,0.5623,0.5999,6352401
2007-10-05,0.5842,0.6233,1575942
2007-10-08,0.5974,0.6374,1597413
2007-10-09,0.5842,0.6233,994495
2007-10-10,0.571,0.6092,1190982
2007-10-11,0.5666,0.6046,2144758
2007-10-12,0.5754,0.6139,1020163
2007-10-15,0.5754,0.6139,705863
2007-10-16,0.5798,0.6186,496832
2007-10-17,0.5842,0.6233,509306
2007-10-18,0.5798,0.6186,337159
2007-10-19,0.5754,0.6139,394991
2007-10-22,0.5623,0.5999,492086
2007-10-23,0.5579,0.5952,778484
2007-10-24,0.5535,0.5905,526264
2007-10-25,0.5623,0.5999,390601
2007-10-26,0.5579,0.5952,191695
2007-10-29,0.5579,0.5952,374494
2007-10-30,0.5623,0.5999,377527
2007-10-31,0.5535,0.5905,598298
2007-11-01,0.5579,0.5952,96064
2007-11-02,0.5447,0.5811,451066
2007-11-05,0.5315,0.5671,561130
2007-11-06,0.5227,0.5577,1387053
2007-11-07,0.5183,0.553,488714
2007-11-08,0.5183,0.553,471694
2007-11-09,0.5183,0.553,431693
2007-11-12,0.492,0.5249,510859
2007-11-13,0.492,0.5249,534533
2007-11-14,0.5052,0.5389,5632944
2007-11-15,0.5052,0.5389,353216
2007-11-16,0.492,0.5249,291768
2007-11-19,0.492,0.5249,465341
2007-11-20,0.4744,0.5061,2821370
2007-11-21,0.4568,0.4874,1036763
2007-11-22,0.448,0.478,698006
2007-11-23,0.47,0.5015,456029
2007-11-26,0.4832,0.5155,1048516
2007-11-27,0.4832,0.5155,1177640
2007-11-28,0.4656,0.4968,1360712
2007-11-29,0.4656,0.4968,845983
2007-11-30,0.4744,0.5061,424927
2007-12-03,0.4876,0.5202,666097
2007-12-04,0.4964,0.5296,711269
2007-12-05,0.5095,0.5436,602557
2007-12-06,0.5447,0.5811,942107
2007-12-07,0.5447,0.5811,342589
2007-12-10,0.5447,0.5811,437545
2007-12-11,0.5491,0.5858,880184
2007-12-12,0.5403,0.5764,393600
2007-12-13,0.5315,0.5671,386126
2007-12-14,0.5359,0.5717,954447
2007-12-17,0.5271,0.5624,1241276
2007-12-18,0.5315,0.5671,833273
2007-12-19,0.5315,0.5671,853295
2007-12-20,0.5183,0.553,1189739
2007-12-21,0.5579,0.5952,2389442
2008-01-03,0.5403,0.5764,638640
2008-01-04,0.5403,0.5764,423790
2008-01-07,0.5227,0.5577,667204
2008-01-08,0.5183,0.553,690954
2008-01-09,0.5052,0.5389,1676293
2008-01-10,0.4788,0.5108,1994578
2008-01-11,0.47,0.5015,3509709
2008-01-14,0.4568,0.4874,1810171
2008-01-15,0.4568,0.4874,2575127
2008-01-16,0.4305,0.4593,3283221
2008-01-17,0.4437,0.4733,1317036
2008-01-18,0.4393,0.4686,907196
2008-01-21,0.4217,0.4499,1043987
2008-01-22,0.3945,0.4208,3818247
2008-01-23,0.3795,0.4049,1618679
2008-01-24,0.4032,0.4302,4177397
2008-01-25,0.4305,0.4593,3163157
2008-01-28,0.4111,0.4387,1640834
2008-01-29,0.4234,0.4518,727625
2008-01-30,0.4393,0.4686,1627608
2008-01-31,0.4234,0.4518,2643711
2008-02-01,0.4393,0.4686,1043240
2008-02-04,0.4393,0.4686,1498997
2008-02-05,0.4305,0.4593,1356504
2008-02-06,0.4217,0.4499,1780276
2008-02-07,0.4243,0.4527,545958
2008-02-08,0.4261,0.4546,284363
2008-02-11,0.4208,0.449,606711
2008-02-12,0.4199,0.448,568681
2008-02-13,0.4261,0.4546,1512474
2008-02-14,0.4287,0.4574,275741
2008-02-15,0.4234,0.4518,506471
2008-02-18,0.4217,0.4499,1107937
2008-02-19,0.4111,0.4387,1348078
2008-02-20,0.3997,0.4265,743106
2008-02-21,0.4076,0.4349,780655
2008-02-22,0.4059,0.433,341784
2008-02-25,0.4191,0.4471,1318308
2008-02-26,0.4278,0.4565,1621436
2008-02-27,0.4164,0.4443,1077291
2008-02-28,0.4164,0.4443,214447
2008-02-29,0.4129,0.4405,316863
2008-03-03,0.3945,0.4208,1580317
2008-03-04,0.3909,0.4171,728459
2008-03-05,0.3936,0.4199,536183
2008-03-06,0.3918,0.418,446588
2008-03-07,0.3786,0.404,1612349
2008-03-12,0.3786,0.404,1694265
2008-03-13,0.3681,0.3927,1851172
2008-03-14,0.3611,0.3852,640197
2008-03-17,0.3356,0.358,2344837
2008-03-18,0.34,0.3627,2343668
2008-03-19,0.3207,0.3421,1636976
2008-03-20,0.2829,0.3018,4996196
2008-03-21,0.2811,0.2999,3132769
2008-03-24,0.2811,0.2999,571425
2008-03-25,0.282,0.3009,1164957
2008-03-26,0.2723,0.2906,1262522
2008-03-27,0.2679,0.2859,903947
2008-03-28,0.2759,0.2943,1763721
2008-03-31,0.275,0.2934,523652
2008-04-01,0.2917,0.3112,2572432
2008-04-02,0.3005,0.3206,1627845
2008-04-03,0.2969,0.3168,1538783
2008-04-04,0.2969,0.3168,790019
2008-04-07,0.3013,0.3215,553829
2008-04-08,0.2952,0.3149,286970
2008-04-09,0.2925,0.3121,356317
2008-04-10,0.289,0.3084,163253
2008-04-11,0.2855,0.3046,244097
2008-04-14,0.2679,0.2859,847819
2008-04-15,0.2723,0.2906,398887
2008-04-21,0.2688,0.2868,1138256
2008-04-22,0.2521,0.269,1412680
2008-04-23,0.2381,0.254,1075140
2008-04-24,0.2311,0.2465,955125
2008-04-25,0.2346,0.2503,1183284
2008-04-29,0.2381,0.254,2731843
2008-04-30,0.254,0.254,1725710
2008-05-05,0.263,0.263,1643446
2008-05-06,0.255,0.255,709845
2008-05-07,0.257,0.257,598871
2008-05-08,0.258,0.258,603802
2008-05-09,0.25,0.25,428612
2008-05-12,0.241,0.241,1787992
2008-05-13,0.232,0.232,905202
2008-05-14,0.237,0.237,320568
2008-05-15,0.252,0.252,1876303
2008-05-16,0.268,0.268,2956887
2008-05-19,0.287,0.287,2125710
2008-05-20,0.287,0.287,686400
2008-05-21,0.288,0.288,1547569
2008-05-22,0.283,0.283,695840
2008-05-23,0.285,0.285,890851
2008-05-26,0.285,0.285,618147
2008-05-27,0.309,0.309,2036260
2008-05-28,0.318,0.318,2729359
2008-05-29,0.35,0.35,3191126
2008-05-30,0.372,0.372,5969126
2008-06-02,0.379,0.379,3588756
2008-06-03,0.379,0.379,2069407
2008-06-04,0.372,0.372,1236103
2008-06-05,0.37,0.37,801354
2008-06-06,0.374,0.374,1193484
2008-06-09,0.362,0.362,1145512
2008-06-10,0.35,0.35,925067
2008-06-11,0.345,0.345,1558487
2008-06-12,0.348,0.348,1088780
2008-06-13,0.356,0.356,578836
2008-06-16,0.36,0.36,782545
2008-06-17,0.36,0.36,516432
2008-06-18,0.346,0.346,704803
2008-06-19,0.326,0.326,1215800
2008-06-20,0.345,0.345,1407526
2008-06-23,0.33,0.33,488912
2008-06-24,0.3,0.3,1468151
2008-06-25,0.297,0.297,1094035
2008-06-26,0.282,0.282,1155426
2008-06-27,0.289,0.289,858076
2008-06-30,0.277,0.277,618535
2008-07-01,0.259,0.259,716371
2008-07-02,0.267,0.267,1037220
2008-07-03,0.263,0.263,929992
2008-07-04,0.258,0.258,590885
2008-07-07,0.256,0.256,471332
2008-07-08,0.257,0.257,637621
2008-07-09,0.275,0.275,2182972
2008-07-10,0.27,0.27,403777
2008-07-11,0.265,0.265,461928
2008-07-14,0.263,0.263,259436
2008-07-15,0.24,0.24,1084674
2008-07-16,0.228,0.228,1250432
2008-07-17,0.237,0.237,2541564
2008-07-18,0.246,0.246,2019442
2008-07-21,0.257,0.257,1495562
2008-07-22,0.245,0.245,815938
2008-07-23,0.258,0.258,1401448
2008-07-24,0.275,0.275,2356857
2008-07-25,0.269,0.269,1138234
2008-07-31,0.268,0.268,2066677
2008-08-01,0.27,0.27,616353
2008-08-04,0.272,0.272,384664
2008-08-05,0.271,0.271,622214
2008-08-06,0.271,0.271,244360
2008-08-07,0.28,0.28,1670526
2008-08-08,0.281,0.281,1518524
2008-08-11,0.286,0.286,750211
2008-08-12,0.284,0.284,811429
2008-08-13,0.273,0.273,1135017
2008-08-14,0.268,0.268,542668
2008-08-15,0.269,0.269,806617
2008-08-18,0.271,0.271,555969
2008-08-19,0.26,0.26,428073
2008-08-20,0.26,0.26,346567
2008-08-21,0.253,0.253,475430
2008-08-22,0.256,0.256,278317
2008-08-25,0.248,0.248,96824
2008-08-26,0.242,0.242,255162
2008-08-27,0.238,0.238,234372
2008-08-28,0.241,0.241,203265
2008-08-29,0.236,0.236,1741191
2008-09-01,0.243,0.243,442681
2008-09-02,0.248,0.248,1012582
2008-09-03,0.24,0.24,399486
2008-09-04,0.239,0.239,228751
2008-09-05,0.23,0.23,512865
2008-09-08,0.235,0.235,421412
2008-09-09,0.235,0.235,220819
2008-09-10,0.226,0.226,267849
2008-09-11,0.216,0.216,360682
2008-09-12,0.212,0.212,256869
2008-09-15,0.195,0.195,511330
2008-09-16,0.167,0.167,2051612
2008-09-17,0.162,0.162,1748077
2008-09-18,0.143,0.143,2381230
2008-09-19,0.164,0.164,4003830
2008-09-22,0.17,0.17,3060557
2008-09-23,0.161,0.161,1366960
2008-09-24,0.164,0.164,1040696
2008-09-25,0.164,0.164,953637
2008-09-26,0.163,0.163,802159
2008-09-29,0.16,0.16,940261
2008-09-30,0.148,0.148,3456621
2008-10-01,0.157,0.157,1306336
2008-10-02,0.161,0.161,3136598
2008-10-03,0.165,0.165,1260934
2008-10-06,0.15,0.15,1888117
2008-10-07,0.146,0.146,1034941
2008-10-08,0.125,0.125,1328310
2008-10-09,0.125,0.125,1953634
2008-10-10,0.11,0.11,1058600
2008-10-13,0.123,0.123,1054340
2008-10-14,0.141,0.141,5012648
2008-10-15,0.125,0.125,1625790
2008-10-16,0.121,0.121,1658897
2008-10-17,0.117,0.117,1373695
2008-10-20,0.11,0.11,717405
2008-10-21,0.0935,0.0935,1594478
2008-10-22,0.0927,0.0927,716241
2008-10-23,0.092,0.092,1166583
2008-10-24,0.079,0.079,2077793
2008-10-27,0.0672,0.0672,5097639
2008-10-28,0.0749,0.0749,4016751
2008-10-29,0.0746,0.0746,4955024
2008-10-30,0.076,0.076,3446022
2008-10-31,0.076,0.076,2662091
2008-11-03,0.08,0.08,2141118
2008-11-04,0.092,0.092,3334179
2008-11-05,0.0895,0.0895,3499980
2008-11-06,0.0889,0.0889,2056158
2008-11-07,0.089,0.089,3506168
2008-11-10,0.096,0.096,4161811
2008-11-11,0.0905,0.0905,2861115
2008-11-12,0.089,0.089,1161032
2008-11-13,0.087,0.087,1423041
2008-11-14,0.0883,0.0883,1182059
2008-11-17,0.084,0.084,740473
2008-11-18,0.0789,0.0789,5208268
2008-11-19,0.077,0.077,911334
2008-11-20,0.072,0.072,1458516
2008-11-21,0.0741,0.0741,465900
2008-11-24,0.0775,0.0775,704731
2008-11-25,0.0815,0.0815,769644
2008-11-26,0.0805,0.0805,691940
2008-11-27,0.0798,0.0798,310690
2008-11-28,0.0795,0.0795,163702
2008-12-02,0.076,0.076,968667
2008-12-03,0.078,0.078,206554
2008-12-04,0.079,0.079,221669
2008-12-05,0.079,0.079,235321
2008-12-08,0.0793,0.0793,490960
2008-12-09,0.0794,0.0794,475500
2008-12-10,0.0797,0.0797,243455
2008-12-11,0.0785,0.0785,258841
2008-12-12,0.077,0.077,546355
2008-12-15,0.0764,0.0764,240501
2008-12-16,0.08,0.08,1653004
2008-12-17,0.084,0.084,2319225
2008-12-18,0.082,0.082,393520
2008-12-19,0.08,0.08,462393
2008-12-22,0.078,0.078,457823
2008-12-23,0.078,0.078,764371
2009-01-05,0.0817,0.0817,252065
2009-01-06,0.088,0.088,10790778
2009-01-07,0.082,0.082,810701
2009-01-08,0.0805,0.0805,599694
2009-01-09,0.0824,0.0824,213900
2009-01-12,0.085,0.085,1238092
2009-01-13,0.0811,0.0811,279640
2009-01-14,0.0824,0.0824,567685
2009-01-15,0.0818,0.0818,353466
2009-01-16,0.0818,0.0818,150704
2009-01-19,0.08,0.08,923236
2009-01-20,0.0779,0.0779,941072
2009-01-21,0.074,0.074,716711
2009-01-22,0.073,0.073,303111
2009-01-23,0.069,0.069,388357
2009-01-26,0.07,0.07,920688
2009-01-27,0.0685,0.0685,681700
2009-01-28,0.065,0.065,486145
2009-01-29,0.0645,0.0645,328012
2009-01-30,0.065,0.065,688743
2009-02-02,0.064,0.064,128384
2009-02-03,0.0645,0.0645,139271
2009-02-04,0.0645,0.0645,487993
2009-02-05,0.065,0.065,412534
2009-02-06,0.0655,0.0655,110223
2009-02-09,0.0669,0.0669,155086
2009-02-10,0.0672,0.0672,71590
2009-02-11,0.0671,0.0671,951713
2009-02-12,0.0682,0.0682,452374
2009-02-13,0.0648,0.0648,619121
2009-02-16,0.06,0.06,1667900
2009-02-17,0.0525,0.0525,915500
2009-02-18,0.0525,0.0525,1000937
2009-02-19,0.0584,0.0584,688696
2009-02-20,0.057,0.057,783814
2009-02-23,0.056,0.056,171643
2009-02-24,0.056,0.056,427041
2009-02-25,0.059,0.059,1461769
2009-02-26,0.0574,0.0574,247567
2009-02-27,0.0555,0.0555,286734
2009-03-02,0.0555,0.0555,445370
2009-03-03,0.0543,0.0543,278320
2009-03-04,0.055,0.055,469330
2009-03-05,0.054,0.054,628317
2009-03-06,0.0546,0.0546,309758
2009-03-09,0.056,0.056,403700
2009-03-10,0.0561,0.0561,228808
2009-03-11,0.0571,0.0571,691250
2009-03-12,0.056,0.056,159874
2009-03-13,0.06,0.06,1984821
2009-03-16,0.0601,0.0601,455973
2009-03-17,0.0602,0.0602,1004347
2009-03-18,0.0614,0.0614,336171
2009-03-19,0.0633,0.0633,1530190
2009-03-20,0.065,0.065,833972
2009-03-23,0.0705,0.0705,1256152
2009-03-24,0.075,0.075,1445261
2009-03-25,0.078,0.078,1362287
2009-03-26,0.089,0.089,3813346
2009-03-27,0.0851,0.0851,7470983
2009-03-30,0.0752,0.0752,2388213
2009-03-31,0.0801,0.0801,3103781
2009-04-01,0.079,0.079,1847062
2009-04-02,0.0856,0.0856,1649591
2009-04-03,0.0859,0.0859,2879702
2009-04-06,0.093,0.093,8284390
2009-04-07,0.0902,0.0902,1472666
2009-04-08,0.103,0.103,5798531
2009-04-09,0.118,0.118,5430762
2009-04-10,0.122,0.122,5083495
2009-04-13,0.123,0.123,4003861
2009-04-14,0.118,0.118,2135594
2009-04-17,0.121,0.121,6261525
2009-04-21,0.12,0.12,5897056
2009-04-22,0.127,0.127,1923100
2009-04-23,0.128,0.128,2001229
2009-04-24,0.13,0.13,828584
2009-04-27,0.149,0.149,6525920
2009-04-28,0.147,0.147,8579510
2009-04-29,0.157,0.157,9009998
2009-04-30,0.159,0.159,7134931
2009-05-04,0.152,0.152,1748328
2009-05-05,0.155,0.155,1222477
2009-05-06,0.158,0.158,1865210
2009-05-07,0.16,0.16,2917998
2009-05-08,0.162,0.162,2072869
2009-05-11,0.157,0.157,1953280
2009-05-12,0.147,0.147,1996198
2009-05-13,0.14,0.14,1119237
2009-05-14,0.127,0.127,6236421
2009-05-15,0.135,0.135,2618962
2009-05-18,0.146,0.146,1940414
2009-05-19,0.15,0.15,3815368
2009-05-20,0.15,0.15,1411443
2009-05-21,0.145,0.145,460960
2009-05-22,0.152,0.152,1341073
2009-05-25,0.154,0.154,905452
2009-05-26,0.148,0.148,634488
2009-05-27,0.15,0.15,543303
2009-05-28,0.156,0.156,2103318
2009-05-29,0.159,0.159,2583650
2009-06-01,0.165,0.165,2147436
2009-06-02,0.17,0.17,3378526
2009-06-03,0.171,0.171,2131740
2009-06-04,0.176,0.176,10722400
2009-06-05,0.18,0.18,8036506
2009-06-09,0.181,0.181,1668365
2009-06-10,0.182,0.182,3797249
2009-06-11,0.179,0.179,3311493
2009-06-12,0.178,0.178,1800210
2009-06-15,0.17,0.17,1593761
2009-06-16,0.162,0.162,3265313
2009-06-17,0.152,0.152,3125120
2009-06-18,0.16,0.16,2711256
2009-06-19,0.173,0.173,1973684
2009-06-22,0.171,0.171,12214870
2009-06-23,0.174,0.174,4511523
2009-06-24,0.18,0.18,8550174
2009-06-25,0.17,0.17,1944518
2009-06-26,0.174,0.174,378889
2009-06-29,0.175,0.175,216709
2009-06-30,0.183,0.183,2545171
2009-07-01,0.182,0.182,429845
2009-07-02,0.179,0.179,822087
2009-07-03,0.179,0.179,599491
2009-07-06,0.179,0.179,473347
2009-07-07,0.18,0.18,606000
2009-07-08,0.176,0.176,537998
2009-07-09,0.178,0.178,450858
2009-07-10,0.175,0.175,191940
2009-07-13,0.171,0.171,618655
2009-07-14,0.177,0.177,2335872
2009-07-15,0.18,0.18,389248
2009-07-16,0.179,0.179,704401
2009-07-17,0.181,0.181,221345
2009-07-20,0.184,0.184,866946
2009-07-21,0.186,0.186,1156483
2009-07-22,0.183,0.183,791719
2009-07-23,0.19,0.19,986382
2009-07-24,0.189,0.189,1819033
2009-07-27,0.191,0.191,1181370
2009-07-28,0.188,0.188,5840339
2009-07-29,0.192,0.192,477299
2009-07-30,0.204,0.204,4270478
2009-07-31,0.204,0.204,5370795
2009-08-03,0.22,0.22,2951634
2009-08-04,0.22,0.22,2224151
2009-08-05,0.22,0.22,1172828
2009-08-06,0.225,0.225,2230057
2009-08-07,0.225,0.225,952620
2009-08-10,0.234,0.234,3992384
2009-08-11,0.235,0.235,1173173
2009-08-12,0.235,0.235,716495
2009-08-13,0.25,0.25,2865282
2009-08-14,0.247,0.247,1837575
2009-08-17,0.23,0.23,2904526
2009-08-18,0.233,0.233,1362995
2009-08-19,0.225,0.225,974862
2009-08-20,0.235,0.235,1046587
2009-08-21,0.238,0.238,245613
2009-08-24,0.245,0.245,1612423
2009-08-25,0.246,0.246,2544802
2009-08-26,0.243,0.243,2088442
2009-08-27,0.236,0.236,1045807
2009-08-28,0.237,0.237,1088120
2009-08-31,0.227,0.227,2064602
2009-09-01,0.22,0.22,1750789
2009-09-02,0.209,0.209,2134559
2009-09-03,0.214,0.214,1573426
2009-09-04,0.217,0.217,829096
2009-09-07,0.234,0.234,2454460
2009-09-08,0.237,0.237,4881029
2009-09-09,0.232,0.232,2741828
2009-09-10,0.225,0.225,2150952
2009-09-11,0.225,0.225,1332636
2009-09-14,0.22,0.22,2266419
2009-09-15,0.226,0.226,3933900
2009-09-16,0.222,0.222,2171272
2009-09-17,0.222,0.222,1086880
2009-09-18,0.223,0.223,489338
2009-09-21,0.22,0.22,655000
2009-09-22,0.225,0.225,2175351
2009-09-23,0.221,0.221,1625927
2009-09-24,0.222,0.222,1060730
2009-09-25,0.217,0.217,1084135
2009-09-28,0.214,0.214,1440114
2009-09-29,0.219,0.219,739227
2009-09-30,0.219,0.219,2264389
2009-10-01,0.21,0.21,1403823
2009-10-02,0.194,0.194,4154487
2009-10-05,0.201,0.201,1061377
2009-10-06,0.208,0.208,744173
2009-10-07,0.202,0.202,2917018
2009-10-08,0.217,0.217,5794147
2009-10-09,0.22,0.22,5038716
2009-10-12,0.212,0.212,1094707
2009-10-13,0.214,0.214,1162127
2009-10-14,0.222,0.222,2736656
2009-10-15,0.215,0.215,2019970
2009-10-16,0.215,0.215,405696
2009-10-19,0.216,0.216,573122
2009-10-20,0.213,0.213,460207
2009-10-21,0.211,0.211,298369
2009-10-22,0.209,0.209,333371
2009-10-23,0.216,0.216,1198171
2009-10-26,0.211,0.211,430238
2009-10-27,0.203,0.203,891700
2009-10-28,0.193,0.193,1586671
2009-10-29,0.206,0.206,2109330
2009-10-30,0.2,0.2,1045025
2009-11-02,0.198,0.198,862314
2009-11-03,0.191,0.191,1443874
2009-11-04,0.195,0.195,670542
2009-11-05,0.198,0.198,780972
2009-11-06,0.199,0.199,2093196
2009-11-09,0.201,0.201,532704
2009-11-12,0.216,0.216,2867814
2009-11-13,0.217,0.217,2427611
2009-11-16,0.217,0.217,1401075
2009-11-17,0.213,0.213,946739
2009-11-18,0.215,0.215,487868
2009-11-19,0.212,0.212,110225
2009-11-20,0.21,0.21,325755
2009-11-23,0.216,0.216,736107
2009-11-24,0.218,0.218,1335149
2009-11-25,0.215,0.215,1847414
2009-11-26,0.21,0.21,955287
2009-11-27,0.21,0.21,491278
2009-11-30,0.208,0.208,177508
2009-12-02,0.212,0.212,507037
2009-12-03,0.213,0.213,538221
2009-12-04,0.218,0.218,793051
2009-12-07,0.205,0.205,1292587
2009-12-08,0.203,0.203,740548
2009-12-09,0.203,0.203,324829
2009-12-10,0.204,0.204,353777
2009-12-11,0.201,0.201,787938
2009-12-14,0.2,0.2,877580
2009-12-15,0.202,0.202,753743
2009-12-16,0.203,0.203,1479512
2009-12-17,0.201,0.201,328254
2009-12-18,0.207,0.207,400254
2009-12-21,0.207,0.207,311657
2009-12-22,0.198,0.198,1101705
2009-12-23,0.201,0.201,225490
2009-12-24,0.201,0.201,262790
2010-01-04,0.202,0.202,209247
2010-01-05,0.215,0.215,2317466
2010-01-06,0.213,0.213,669634
2010-01-07,0.213,0.213,386784
2010-01-08,0.216,0.216,1348200
2010-01-11,0.219,0.219,3575717
2010-01-12,0.215,0.215,617746
2010-01-13,0.219,0.219,1018860
2010-01-14,0.219,0.219,1543846
2010-01-15,0.221,0.221,3980494
2010-01-18,0.22,0.22,1053577
2010-01-19,0.219,0.219,2317150
2010-01-20,0.222,0.222,8549661
2010-01-21,0.221,0.221,2205938
2010-01-22,0.215,0.215,1681898
2010-01-25,0.217,0.217,609260
2010-01-26,0.209,0.209,1411904
2010-01-27,0.207,0.207,1058286
2010-01-28,0.209,0.209,2214283
2010-01-29,0.21,0.21,1787986
2010-02-01,0.211,0.211,1579568
2010-02-02,0.212,0.212,3235465
2010-02-03,0.212,0.212,1842772
2010-02-04,0.21,0.21,1181549
2010-02-05,0.207,0.207,1626955
2010-02-08,0.205,0.205,958946
2010-02-09,0.203,0.203,1544311
2010-02-10,0.209,0.209,573140
2010-02-11,0.211,0.211,663546
2010-02-12,0.21,0.21,320954
2010-02-15,0.215,0.215,1475138
2010-02-16,0.214,0.214,736725
2010-02-17,0.216,0.216,430591
2010-02-18,0.213,0.213,310294
2010-02-19,0.212,0.212,278712
2010-02-22,0.216,0.216,1097652
2010-02-23,0.215,0.215,1589637
2010-02-24,0.21,0.21,6743494
2010-02-25,0.206,0.206,1205972
2010-02-26,0.208,0.208,1023759
2010-03-01,0.205,0.205,823270
2010-03-02,0.203,0.203,1941782
2010-03-03,0.207,0.207,723691
2010-03-04,0.208,0.208,343691
2010-03-05,0.215,0.215,1956861
2010-03-08,0.214,0.214,1471939
2010-03-09,0.215,0.215,4264940
2010-03-10,0.222,0.222,16664536
2010-03-11,0.218,0.218,2409086
2010-03-12,0.222,0.222,1825925
2010-03-15,0.224,0.224,1582928
2010-03-16,0.231,0.231,11857751
2010-03-17,0.233,0.233,6353033
2010-03-18,0.235,0.235,4862517
2010-03-19,0.23,0.23,6920792
2010-03-22,0.227,0.227,2292977
2010-03-23,0.231,0.231,1346799
2010-03-24,0.233,0.233,35212822
2010-03-25,0.242,0.242,10588221
2010-03-26,0.239,0.239,2412027
2010-03-29,0.237,0.237,1846860
2010-03-30,0.244,0.244,3745853
2010-03-31,0.239,0.239,2968346
2010-04-01,0.244,0.244,3294841
2010-04-02,0.245,0.245,1695756
2010-04-06,0.236,0.236,3785200
2010-04-07,0.241,0.241,6100985
2010-04-08,0.235,0.235,3673039
2010-04-09,0.238,0.238,1707813
2010-04-12,0.235,0.235,989447
2010-04-13,0.23,0.23,2039384
2010-04-14,0.229,0.229,1483075
2010-04-15,0.229,0.229,1508809
2010-04-16,0.229,0.229,399292
2010-04-19,0.22,0.22,3043421
2010-04-20,0.219,0.219,1318793
2010-04-22,0.209,0.209,1863152
2010-04-23,0.217,0.217,1949193
2010-04-26,0.22,0.22,1783200
2010-04-27,0.212,0.212,1130243
2010-04-28,0.21,0.21,3803134
2010-04-29,0.21,0.21,888500
2010-04-30,0.213,0.213,928945
2010-05-03,0.206,0.206,728807
2010-05-04,0.194,0.194,2827778
2010-05-05,0.18,0.18,6489224
2010-05-06,0.179,0.179,5909708
2010-05-07,0.171,0.171,7841257
2010-05-10,0.196,0.196,3560039
2010-05-11,0.185,0.185,3028646
2010-05-12,0.185,0.185,1769227
2010-05-13,0.187,0.187,1319429
2010-05-14,0.183,0.183,1959910
2010-05-17,0.169,0.169,5363723
2010-05-18,0.176,0.176,4124546
2010-05-19,0.175,0.175,1145595
2010-05-20,0.168,0.168,2650538
2010-05-21,0.16,0.16,1588236
2010-05-25,0.138,0.138,3720353
2010-05-26,0.156,0.156,3863227
2010-05-27,0.171,0.171,3376419
2010-05-28,0.175,0.175,5191848
2010-05-31,0.172,0.172,1418440
2010-06-01,0.167,0.167,674500
2010-06-02,0.169,0.169,768593
2010-06-03,0.177,0.177,1232742
2010-06-04,0.17,0.17,890120
2010-06-07,0.172,0.172,1315120
2010-06-08,0.168,0.168,1287769
2010-06-09,0.173,0.173,618132
2010-06-10,0.173,0.173,602384
2010-06-11,0.172,0.172,342047
2010-06-14,0.176,0.176,623500
2010-06-15,0.182,0.182,869912
2010-06-16,0.187,0.187,3598659
2010-06-17,0.19,0.19,1927157
2010-06-18,0.19,0.19,1009059
2010-06-21,0.194,0.194,1529605
2010-06-22,0.194,0.194,2422160
2010-06-23,0.191,0.191,937911
2010-06-24,0.19,0.19,487229
2010-06-25,0.178,0.178,3302598
2010-06-28,0.174,0.174,1582343
2010-06-29,0.168,0.168,473390
2010-06-30,0.173,0.173,2068863
2010-07-01,0.174,0.174,688880
2010-07-02,0.181,0.181,863487
2010-07-05,0.182,0.182,511199
2010-07-06,0.185,0.185,2429826
2010-07-07,0.179,0.179,906500
2010-07-08,0.178,0.178,575767
2010-07-09,0.178,0.178,266503
2010-07-12,0.175,0.175,421916
2010-07-13,0.178,0.178,106414
2010-07-14,0.182,0.182,13614383
2010-07-15,0.184,0.184,310618
2010-07-16,0.183,0.183,81054
2010-07-19,0.182,0.182,204020
2010-07-20,0.18,0.18,838700
2010-07-21,0.183,0.183,115304
2010-07-22,0.183,0.183,87493
2010-07-23,0.184,0.184,1544075
2010-07-26,0.186,0.186,241813
2010-07-27,0.193,0.193,2224785
2010-07-28,0.188,0.188,837305
2010-07-29,0.19,0.19,1208684
2010-07-30,0.187,0.187,176373
2010-08-02,0.191,0.191,1023989
2010-08-03,0.192,0.192,667172
2010-08-04,0.19,0.19,176485
2010-08-05,0.191,0.191,238594
2010-08-06,0.188,0.188,251362
2010-08-09,0.19,0.19,402791
2010-08-10,0.188,0.188,682375
2010-08-11,0.187,0.187,509889
2010-08-12,0.188,0.188,234120
2010-08-13,0.186,0.186,322470
2010-08-16,0.189,0.189,571939
2010-08-17,0.191,0.191,431332
2010-08-18,0.19,0.19,126478
2010-08-19,0.189,0.189,47000
2010-08-20,0.189,0.189,319174
2010-08-23,0.188,0.188,205800
2010-08-24,0.181,0.181,290521
2010-08-25,0.18,0.18,1265041
2010-08-26,0.184,0.184,311274
2010-08-27,0.184,0.184,152067
2010-08-30,0.183,0.183,151163
2010-08-31,0.179,0.179,356154
2010-09-01,0.178,0.178,685420
2010-09-02,0.179,0.179,561714
2010-09-03,0.179,0.179,68887
2010-09-06,0.183,0.183,27423
2010-09-07,0.18,0.18,131540
2010-09-08,0.179,0.179,2972700
2010-09-09,0.183,0.183,131384
2010-09-10,0.181,0.181,54217
2010-09-13,0.18,0.18,364480
2010-09-14,0.182,0.182,939711
2010-09-15,0.18,0.18,119671
2010-09-16,0.183,0.183,394129
2010-09-17,0.184,0.184,739434
2010-09-20,0.186,0.186,953703
2010-09-21,0.186,0.186,269673
2010-09-22,0.184,0.184,133300
2010-09-23,0.184,0.184,57060
2010-09-24,0.184,0.184,295006
2010-09-27,0.188,0.188,1781039
2010-09-28,0.192,0.192,1889437
2010-09-29,0.189,0.189,1635810
2010-09-30,0.193,0.193,1374169
2010-10-01,0.19,0.19,398647
2010-10-04,0.189,0.189,338068
2010-10-05,0.19,0.19,78594
2010-10-06,0.188,0.188,714781
2010-10-07,0.189,0.189,285593
2010-10-08,0.188,0.188,177278
2010-10-11,0.189,0.189,379906
2010-10-12,0.19,0.19,102361
2010-10-13,0.19,0.19,597722
2010-10-14,0.191,0.191,233493
2010-10-15,0.192,0.192,1194099
2010-10-18,0.192,0.192,234002
2010-10-19,0.191,0.191,245867
2010-10-20,0.191,0.191,130493
2010-10-21,0.19,0.19,308820
2010-10-22,0.19,0.19,186939
2010-10-25,0.191,0.191,59500
2010-10-26,0.19,0.19,357959
2010-10-27,0.193,0.193,1846697
2010-10-28,0.195,0.195,1065407
2010-10-29,0.193,0.193,229672
2010-11-01,0.192,0.192,190975
2010-11-02,0.192,0.192,916172
2010-11-03,0.189,0.189,73214
2010-11-04,0.191,0.191,106614
2010-11-05,0.191,0.191,100098
2010-11-08,0.191,0.191,656350
2010-11-09,0.192,0.192,140544
2010-11-10,0.188,0.188,528451
2010-11-11,0.187,0.187,959876
2010-11-12,0.186,0.186,565993
2010-11-15,0.187,0.187,3164999
2010-11-16,0.187,0.187,164299
2010-11-17,0.188,0.188,422171
2010-11-18,0.19,0.19,209802
2010-11-19,0.189,0.189,115436
2010-11-22,0.189,0.189,661557
2010-11-23,0.188,0.188,425515
2010-11-24,0.188,0.188,701202
2010-11-25,0.188,0.188,305657
2010-11-26,0.188,0.188,1007221
2010-11-29,0.189,0.189,124177
2010-11-30,0.193,0.193,1853248
2010-12-02,0.2,0.2,3026132
2010-12-03,0.196,0.196,365137
2010-12-06,0.196,0.196,1254880
2010-12-07,0.201,0.201,840500
2010-12-08,0.203,0.203,665660
2010-12-09,0.202,0.202,268600
2010-12-10,0.203,0.203,599150
2010-12-13,0.203,0.203,161971
2010-12-14,0.203,0.203,73057
2010-12-15,0.203,0.203,206960
2010-12-16,0.202,0.202,30563
2010-12-17,0.204,0.204,701000
2010-12-20,0.2039,0.2039,336333
2010-12-21,0.203,0.203,281052
2010-12-22,0.203,0.203,925407
2010-12-23,0.201,0.201,446187
2010-12-27,0.2025,0.2025,208220
2010-12-28,0.201,0.201,53000
2010-12-29,0.2035,0.2035,8476
2010-12-30,0.205,0.205,724223
2011-01-03,0.2089,0.2089,1234891
2011-01-04,0.2151,0.2151,2224891
2011-01-05,0.215,0.215,531682
2011-01-06,0.2184,0.2184,698000
2011-01-07,0.221,0.221,6234210
2011-01-10,0.2227,0.2227,230139
2011-01-11,0.2212,0.2212,599956
2011-01-12,0.22,0.22,482292
2011-01-13,0.219,0.219,1166381
2011-01-14,0.2172,0.2172,184060
2011-01-17,0.2192,0.2192,718386
2011-01-18,0.2209,0.2209,1477941
2011-01-19,0.222,0.222,1107473
2011-01-20,0.217,0.217,1242500
2011-01-21,0.214,0.214,597496
2011-01-24,0.2135,0.2135,758673
2011-01-25,0.2089,0.2089,412956
2011-01-26,0.214,0.214,2752219
2011-01-27,0.212,0.212,1143849
2011-01-28,0.2195,0.2195,2453525
2011-01-31,0.2139,0.2139,312166
2011-02-01,0.2168,0.2168,423570
2011-02-02,0.2185,0.2185,1892081
2011-02-03,0.2175,0.2175,733986
2011-02-04,0.218,0.218,131093
2011-02-07,0.218,0.218,76107
2011-02-08,0.216,0.216,70116
2011-02-09,0.22,0.22,516300
2011-02-10,0.2199,0.2199,385870
2011-02-11,0.2199,0.2199,164472
2011-02-14,0.219,0.219,12500
2011-02-15,0.217,0.217,549051
2011-02-16,0.2138,0.2138,422237
2011-02-17,0.211,0.211,158231
2011-02-18,0.212,0.212,68000
2011-02-21,0.2128,0.2128,73253
2011-02-22,0.2129,0.2129,221887
2011-02-23,0.2183,0.2183,2811452
2011-02-24,0.2169,0.2169,42414
2011-02-25,0.218,0.218,9525
2011-02-28,0.222,0.222,10129691
2011-03-01,0.22,0.22,539472
2011-03-02,0.2179,0.2179,790255
2011-03-03,0.2186,0.2186,400859
2011-03-04,0.2198,0.2198,193288
2011-03-07,0.217,0.217,342560
2011-03-08,0.212,0.212,277524
2011-03-09,0.213,0.213,121598
2011-03-10,0.216,0.216,678798
2011-03-11,0.2116,0.2116,350462
2011-03-14,0.216,0.216,1026179
2011-03-15,0.2125,0.2125,1170801
2011-03-16,0.2155,0.2155,304757
2011-03-17,0.2143,0.2143,830895
2011-03-18,0.207,0.207,966369
2011-03-21,0.21,0.21,2817292
2011-03-22,0.2125,0.2125,233880
2011-03-23,0.21,0.21,2768225
2011-03-24,0.2145,0.2145,766895
2011-03-25,0.2149,0.2149,727722
2011-03-28,0.2144,0.2144,328984
2011-03-29,0.212,0.212,311184
2011-03-30,0.2091,0.2091,1779219
2011-03-31,0.2083,0.2083,747795
2011-04-01,0.215,0.215,764626
2011-04-04,0.2131,0.2131,404328
2011-04-05,0.2147,0.2147,274286
2011-04-06,0.2149,0.2149,405274
2011-04-07,0.22,0.22,2010972
2011-04-08,0.2213,0.2213,2137001
2011-04-11,0.2195,0.2195,234769
2011-04-12,0.2146,0.2146,233250
2011-04-13,0.2215,0.2215,1069176
2011-04-14,0.2217,0.2217,2445696
2011-04-15,0.2194,0.2194,857218
2011-04-18,0.217,0.217,702264
2011-04-21,0.216,0.216,138579
2011-04-22,0.2173,0.2173,183316
2011-04-26,0.216,0.216,116492
2011-04-27,0.2175,0.2175,47524
2011-04-28,0.2175,0.2175,31500
2011-04-29,0.2075,0.2075,690106
2011-05-02,0.2089,0.2089,121768
2011-05-03,0.2098,0.2098,203349
2011-05-04,0.2079,0.2079,1647836
2011-05-05,0.2028,0.2028,1500883
2011-05-06,0.2079,0.2079,704076
2011-05-09,0.204,0.204,256565
2011-05-10,0.2064,0.2064,190500
2011-05-11,0.2054,0.2054,3024669
2011-05-12,0.2044,0.2044,409127
2011-05-13,0.2042,0.2042,98047
2011-05-16,0.204,0.204,75997
2011-05-17,0.2021,0.2021,166221
2011-05-18,0.2028,0.2028,643254
2011-05-19,0.2055,0.2055,84797
2011-05-20,0.205,0.205,91002
2011-05-23,0.2015,0.2015,444770
2011-05-24,0.2015,0.2015,444968
2011-05-25,0.2005,0.2005,296445
2011-05-26,0.2009,0.2009,49504
2011-05-27,0.2121,0.2121,616326
2011-05-30,0.2068,0.2068,27626
2011-05-31,0.207,0.207,117033
2011-06-01,0.2059,0.2059,95795
2011-06-02,0.207,0.207,46352
2011-06-03,0.2063,0.2063,46172
2011-06-06,0.2059,0.2059,59700
2011-06-07,0.203,0.203,513013
2011-06-08,0.2025,0.2025,1238839
2011-06-09,0.2032,0.2032,340512
2011-06-10,0.207,0.207,79443
2011-06-14,0.2055,0.2055,282906
2011-06-15,0.2025,0.2025,217202
2011-06-16,0.202,0.202,205999
2011-06-17,0.204,0.204,61389
2011-06-20,0.2007,0.2007,65099
2011-06-21,0.1982,0.1982,745810
2011-06-22,0.2,0.2,65765
2011-06-23,0.2,0.2,247411
2011-06-24,0.199,0.199,593693
2011-06-27,0.1946,0.1946,334263
2011-06-28,0.199,0.199,133547
2011-06-29,0.1995,0.1995,207374
2011-06-30,0.198,0.198,668182
2011-07-01,0.199,0.199,71163
2011-07-04,0.1997,0.1997,28307
2011-07-05,0.2011,0.2011,306284
2011-07-06,0.2034,0.2034,89072
2011-07-07,0.2029,0.2029,68610
2011-07-08,0.2024,0.2024,81558
2011-07-11,0.2,0.2,252872
2011-07-12,0.2,0.2,128585
2011-07-13,0.2,0.2,353371
2011-07-14,0.2,0.2,322363
2011-07-15,0.201,0.201,991294
2011-07-18,0.2,0.2,83849
2011-07-19,0.2015,0.2015,79457
2011-07-20,0.2015,0.2015,35052
2011-07-21,0.201,0.201,87656
2011-07-22,0.2004,0.2004,16500
2011-07-25,0.2,0.2,290690
2011-07-26,0.2004,0.2004,55475
2011-07-27,0.2002,0.2002,62152
2011-07-28,0.205,0.205,198404
2011-07-29,0.209,0.209,199231
2011-08-01,0.2085,0.2085,88785
2011-08-02,0.2035,0.2035,36802
2011-08-03,0.1996,0.1996,408104
2011-08-04,0.1998,0.1998,505105
2011-08-05,0.19,0.19,831500
2011-08-08,0.1812,0.1812,1601896
2011-08-09,0.1749,0.1749,2288053
2011-08-10,0.185,0.185,545211
2011-08-11,0.1841,0.1841,1637300
2011-08-12,0.195,0.195,2186609
2011-08-16,0.1945,0.1945,164285
2011-08-17,0.1928,0.1928,188886
2011-08-18,0.187,0.187,181000
2011-08-19,0.182,0.182,297293
2011-08-22,0.19,0.19,442177
2011-08-23,0.1899,0.1899,124532
2011-08-24,0.193,0.193,87102
2011-08-25,0.1875,0.1875,69203
2011-08-26,0.1866,0.1866,74715
2011-08-29,0.19,0.19,46908
2011-08-30,0.19,0.19,70804
2011-08-31,0.1925,0.1925,124448
2011-09-01,0.1932,0.1932,227795
2011-09-02,0.19,0.19,506341
2011-09-05,0.189,0.189,150219
2011-09-06,0.192,0.192,170498
2011-09-07,0.1939,0.1939,17494
2011-09-08,0.1949,0.1949,121500
2011-09-09,0.195,0.195,303500
2011-09-12,0.19,0.19,2811550
2011-09-13,0.193,0.193,318856
2011-09-14,0.1941,0.1941,1831868
2011-09-15,0.196,0.196,260010
2011-09-16,0.1862,0.1862,2354994
2011-09-19,0.19,0.19,186540
2011-09-20,0.193,0.193,371875
2011-09-21,0.194,0.194,111799
2011-09-22,0.19,0.19,2533915
2011-09-23,0.1838,0.1838,95500
2011-09-26,0.184,0.184,244389
2011-09-27,0.1868,0.1868,1256457
2011-09-28,0.188,0.188,213493
2011-09-29,0.189,0.189,160093
2011-09-30,0.19,0.19,1684247
2011-10-03,0.187,0.187,156000
2011-10-04,0.1831,0.1831,493745
2011-10-05,0.185,0.185,323914
2011-10-06,0.1875,0.1875,78474
2011-10-07,0.2093,0.2093,1899278
2011-10-10,0.2,0.2,23023
2011-10-11,0.2,0.2,27888
2011-10-12,0.2,0.2,98676
2011-10-13,0.2,0.2,184651
2011-10-14,0.2,0.2,480963
2011-10-17,0.2045,0.2045,372559
2011-10-18,0.2,0.2,977300
2011-10-19,0.2,0.2,195456
2011-10-20,0.2,0.2,48822
2011-10-21,0.205,0.205,149292
2011-10-24,0.202,0.202,1001252
2011-10-25,0.205,0.205,167900
2011-10-26,0.209,0.209,201597
2011-10-27,0.215,0.215,294271
2011-10-28,0.21,0.21,145594
2011-10-31,0.2062,0.2062,214377
2011-11-01,0.204,0.204,185413
2011-11-02,0.2005,0.2005,15167
2011-11-03,0.205,0.205,174689
2011-11-04,0.204,0.204,50604
2011-11-07,0.204,0.204,24993
2011-11-08,0.207,0.207,85028
2011-11-09,0.2023,0.2023,47097
2011-11-10,0.202,0.202,47500
2011-11-11,0.203,0.203,46535
2011-11-14,0.205,0.205,763688
2011-11-15,0.2011,0.2011,339841
2011-11-16,0.204,0.204,198085
2011-11-17,0.2,0.2,284294
2011-11-18,0.2019,0.2019,84729
2011-11-21,0.198,0.198,665658
2011-11-22,0.1921,0.1921,2328524
2011-11-23,0.1892,0.1892,278140
2011-11-24,0.19,0.19,99161
2011-11-25,0.19,0.19,283093
2011-11-28,0.1838,0.1838,179021
2011-11-29,0.182,0.182,14100
2011-11-30,0.1898,0.1898,26037
2011-12-02,0.1897,0.1897,27000
2011-12-05,0.19,0.19,47635
2011-12-06,0.1897,0.1897,74246
2011-12-07,0.1852,0.1852,21054
2011-12-08,0.186,0.186,116589
2011-12-09,0.185,0.185,35000
2011-12-12,0.1853,0.1853,6088
2011-12-13,0.1845,0.1845,22573
2011-12-14,0.188,0.188,15996
2011-12-15,0.2,0.2,3019591
2011-12-16,0.1953,0.1953,230680
2011-12-19,0.1965,0.1965,35909
2011-12-20,0.1851,0.1851,1568948
2011-12-21,0.19,0.19,29777
2011-12-22,0.1945,0.1945,1207
2011-12-23,0.195,0.195,27500
2011-12-28,0.192,0.192,11500
2011-12-29,0.188,0.188,86500
2011-12-30,0.1929,0.1929,132947
2012-01-04,0.1949,0.1949,15802
2012-01-05,0.189,0.189,219900
2012-01-06,0.19,0.19,1045500
2012-01-09,0.19,0.19,27269
2012-01-10,0.192,0.192,22493
2012-01-11,0.19,0.19,6503
2012-01-12,0.196,0.196,393194
2012-01-13,0.198,0.198,349476
2012-01-16,0.1965,0.1965,339240
2012-01-17,0.1999,0.1999,187708
2012-01-18,0.2005,0.2005,337258
2012-01-19,0.2,0.2,118659
2012-01-20,0.1985,0.1985,562086
2012-01-23,0.197,0.197,101725
2012-01-24,0.195,0.195,112066
2012-01-25,0.193,0.193,66500
2012-01-26,0.1965,0.1965,326822
2012-01-27,0.197,0.197,128241
2012-01-30,0.1935,0.1935,188000
2012-01-31,0.198,0.198,458938
2012-02-01,0.1985,0.1985,321551
2012-02-02,0.199,0.199,168306
2012-02-03,0.2035,0.2035,567369
2012-02-06,0.2,0.2,92868
2012-02-07,0.2,0.2,83993
2012-02-08,0.202,0.202,41500
2012-02-09,0.203,0.203,119953
2012-02-10,0.202,0.202,147765
2012-02-13,0.202,0.202,37254
2012-02-14,0.2035,0.2035,391579
2012-02-15,0.2,0.2,319816
2012-02-16,0.204,0.204,1316155
2012-02-17,0.204,0.204,239935
2012-02-20,0.205,0.205,132822
2012-02-21,0.2003,0.2003,13828
2012-02-22,0.2035,0.2035,108777
2012-02-23,0.2005,0.2005,254059
2012-02-24,0.2005,0.2005,14740
2012-02-27,0.2,0.2,138993
2012-02-28,0.202,0.202,226203
2012-02-29,0.2005,0.2005,605076
2012-03-01,0.2,0.2,30440
2012-03-02,0.2,0.2,257574
2012-03-05,0.1999,0.1999,928607
2012-03-06,0.1994,0.1994,90282
2012-03-07,0.1997,0.1997,91520
2012-03-08,0.1975,0.1975,307474
2012-03-09,0.1975,0.1975,113660
2012-03-12,0.196,0.196,174000
2012-03-13,0.194,0.194,397514
2012-03-14,0.194,0.194,208672
2012-03-15,0.1945,0.1945,41893
2012-03-16,0.1999,0.1999,87000
2012-03-19,0.2,0.2,191157
2012-03-20,0.196,0.196,198716
2012-03-21,0.1998,0.1998,175873
2012-03-22,0.196,0.196,109740
2012-03-23,0.196,0.196,100893
2012-03-26,0.196,0.196,415615
2012-03-27,0.197,0.197,80033
2012-03-28,0.1957,0.1957,352278
2012-03-29,0.196,0.196,133645
2012-03-30,0.1999,0.1999,318649
2012-04-02,0.197,0.197,8342
2012-04-03,0.198,0.198,24579
2012-04-04,0.198,0.198,173221
2012-04-05,0.196,0.196,77380
2012-04-06,0.1956,0.1956,42161
2012-04-09,0.195,0.195,119373
2012-04-10,0.195,0.195,278985
2012-04-11,0.194,0.194,1175051
2012-04-12,0.194,0.194,19172
2012-04-13,0.1922,0.1922,24249
2012-04-17,0.1916,0.1916,63037
2012-04-18,0.1912,0.1912,30989
2012-04-19,0.1902,0.1902,94752
2012-04-20,0.1905,0.1905,114184
2012-04-25,0.1895,0.1895,640480
2012-04-26,0.1895,0.1895,616060
2012-04-27,0.1897,0.1897,110961
2012-04-30,0.191,0.191,5937
2012-05-02,0.1892,0.1892,73517
2012-05-03,0.19,0.19,70901
2012-05-04,0.19,0.19,275605
2012-05-07,0.19,0.19,63478
2012-05-08,0.192,0.192,1833635
2012-05-09,0.184,0.184,259832
2012-05-10,0.183,0.183,155528
2012-05-11,0.182,0.182,1069802
2012-05-14,0.1751,0.1751,188435
2012-05-15,0.171,0.171,138953
2012-05-16,0.175,0.175,39776
2012-05-17,0.175,0.175,132986
2012-05-18,0.1747,0.1747,51660
2012-05-21,0.1715,0.1715,401006
2012-05-22,0.171,0.171,114903
2012-05-23,0.1675,0.1675,789363
2012-05-24,0.17,0.17,861670
2012-05-25,0.17,0.17,226435
2012-05-28,0.169,0.169,939441
2012-05-29,0.17,0.17,119500
2012-05-30,0.1749,0.1749,37715
2012-05-31,0.175,0.175,261528
2012-06-01,0.16,0.16,1652775
2012-06-05,0.1602,0.1602,162925
2012-06-06,0.1665,0.1665,31187
2012-06-07,0.167,0.167,3993
2012-06-08,0.165,0.165,13500
2012-06-11,0.168,0.168,39393
2012-06-12,0.163,0.163,4314
2012-06-13,0.162,0.162,36866
2012-06-15,0.1615,0.1615,17993
2012-06-18,0.1649,0.1649,16500
2012-06-19,0.164,0.164,2540
2012-06-20,0.161,0.161,154634
2012-06-21,0.1625,0.1625,585000
2012-06-22,0.1635,0.1635,12500
2012-06-25,0.1697,0.1697,75100
2012-06-26,0.165,0.165,75067
2012-06-27,0.1661,0.1661,1302617
2012-06-28,0.166,0.166,97354
2012-06-29,0.169,0.169,102170
2012-07-02,0.171,0.171,24856
2012-07-03,0.17,0.17,183288
2012-07-04,0.1698,0.1698,11325
2012-07-05,0.1698,0.1698,4761
2012-07-06,0.169,0.169,100000
2012-07-09,0.1685,0.1685,73500
2012-07-10,0.1711,0.1711,33006
2012-07-11,0.1719,0.1719,8560
2012-07-12,0.173,0.173,95893
2012-07-13,0.175,0.175,66045
2012-07-16,0.18,0.18,476005
2012-07-17,0.19,0.19,409889
2012-07-18,0.1821,0.1821,8000
2012-07-19,0.191,0.191,975864
2012-07-20,0.1917,0.1917,30500
2012-07-23,0.1825,0.1825,18790
2012-07-24,0.19,0.19,35964
2012-07-25,0.19,0.19,13210
2012-07-26,0.19,0.19,85562
2012-07-27,0.191,0.191,18500
2012-07-30,0.19,0.19,57979
2012-07-31,0.1895,0.1895,3671
2012-08-01,0.19,0.19,50592
2012-08-02,0.1841,0.1841,49435
2012-08-03,0.182,0.182,1638000
2012-08-06,0.1895,0.1895,472500
2012-08-07,0.188,0.188,1004058
2012-08-08,0.186,0.186,1051685
2012-08-09,0.1852,0.1852,9151
2012-08-10,0.185,0.185,7931
2012-08-13,0.183,0.183,83163
2012-08-14,0.1824,0.1824,32309
2012-08-16,0.1849,0.1849,60993
2012-08-17,0.1856,0.1856,36113
2012-08-20,0.184,0.184,37611
2012-08-21,0.185,0.185,31310
2012-08-22,0.186,0.186,22593
2012-08-23,0.1875,0.1875,29620
2012-08-24,0.1836,0.1836,27162
2012-08-27,0.1872,0.1872,25953
2012-08-28,0.184,0.184,37336
2012-08-29,0.183,0.183,42468
2012-08-30,0.184,0.184,17720
2012-08-31,0.184,0.184,10000
2012-09-03,0.1821,0.1821,62351
2012-09-04,0.182,0.182,245618
2012-09-05,0.182,0.182,856124
2012-09-06,0.182,0.182,71306
2012-09-07,0.1855,0.1855,461314
2012-09-10,0.1825,0.1825,27685
2012-09-11,0.1825,0.1825,47512
2012-09-12,0.1825,0.1825,118414
2012-09-13,0.184,0.184,24468
2012-09-14,0.187,0.187,133953
2012-09-17,0.187,0.187,1107643
2012-09-18,0.1856,0.1856,1000
2012-09-19,0.1886,0.1886,177833
2012-09-20,0.187,0.187,40812
2012-09-21,0.187,0.187,2087010
2012-09-24,0.1855,0.1855,251139
2012-09-25,0.1855,0.1855,48579
2012-09-26,0.1851,0.1851,99823
2012-09-27,0.1852,0.1852,28541
2012-09-28,0.1851,0.1851,115296
2012-10-01,0.1854,0.1854,34000
2012-10-02,0.1856,0.1856,57650
2012-10-03,0.186,0.186,115981
2012-10-04,0.1918,0.1918,687575
2012-10-05,0.1922,0.1922,93084
2012-10-08,0.19,0.19,174500
2012-10-09,0.188,0.188,5000
2012-10-10,0.1871,0.1871,41459
2012-10-11,0.193,0.193,73539
2012-10-12,0.2,0.2,1559168
2012-10-15,0.2,0.2,345500
2012-10-16,0.203,0.203,5125286
2012-10-17,0.207,0.207,56114
2012-10-18,0.2104,0.2104,563456
2012-10-19,0.211,0.211,202345
2012-10-22,0.211,0.211,170781
2012-10-23,0.2043,0.2043,29076
2012-10-24,0.205,0.205,471000
2012-10-25,0.2035,0.2035,98311
2012-10-26,0.2025,0.2025,29107
2012-10-29,0.1974,0.1974,143832
2012-10-30,0.2025,0.2025,72936
2012-10-31,0.2,0.2,40632
2012-11-01,0.199,0.199,452916
2012-11-02,0.199,0.199,4180
2012-11-05,0.199,0.199,3918
2012-11-06,0.2,0.2,63494
2012-11-07,0.1982,0.1982,91550
2012-11-08,0.1967,0.1967,69884
2012-11-09,0.1969,0.1969,145258
2012-11-12,0.1956,0.1956,34680
2012-11-13,0.195,0.195,14226
2012-11-14,0.1921,0.1921,45666
2012-11-15,0.192,0.192,141900
2012-11-16,0.193,0.193,101323
