-- phpMyAdmin SQL Dump
-- version 3.5.1
-- http://www.phpmyadmin.net
--
-- Gazda: localhost
-- Timp de generare: 18 Noi 2012 la 16:10
-- Versiune server: 5.5.24-log
-- Versiune PHP: 5.4.3

SET SQL_MODE="NO_AUTO_VALUE_ON_ZERO";
SET time_zone = "+00:00";


/*!40101 SET @OLD_CHARACTER_SET_CLIENT=@@CHARACTER_SET_CLIENT */;
/*!40101 SET @OLD_CHARACTER_SET_RESULTS=@@CHARACTER_SET_RESULTS */;
/*!40101 SET @OLD_COLLATION_CONNECTION=@@COLLATION_CONNECTION */;
/*!40101 SET NAMES utf8 */;

--
-- Baza de date: `bursa`
--

-- --------------------------------------------------------

--
-- Structura de tabel pentru tabelul `alerts`
--

CREATE TABLE IF NOT EXISTS `alerts` (
  `id` int(11) NOT NULL AUTO_INCREMENT,
  `user_id` int(11) NOT NULL,
  `stock_id` int(11) NOT NULL,
  `date_added` datetime NOT NULL,
  `value` decimal(10,4) NOT NULL COMMENT 'stock value when added',
  `type` enum('value','percent') NOT NULL COMMENT 'type may be percent variation or value variation',
  `target_value` decimal(10,4) NOT NULL,
  `date_completed` datetime DEFAULT NULL COMMENT 'the moment when the alert is completed',
  `viewed` tinyint(1) DEFAULT NULL,
  PRIMARY KEY (`id`),
  KEY `user_id` (`user_id`),
  KEY `stock_id` (`stock_id`)
) ENGINE=InnoDB  DEFAULT CHARSET=latin1 AUTO_INCREMENT=14 ;

--
-- Salvarea datelor din tabel `alerts`
--

INSERT INTO `alerts` (`id`, `user_id`, `stock_id`, `date_added`, `value`, `type`, `target_value`, `date_completed`, `viewed`) VALUES
(8, 32, 4, '2012-11-15 00:00:00', '12.0000', 'value', '123.0000', NULL, NULL),
(9, 32, 5, '2012-11-18 16:30:26', '22.0000', 'percent', '344.0000', NULL, NULL),
(11, 43, 6, '2012-11-18 16:52:26', '7.2500', 'value', '-100.0000', NULL, NULL),
(12, 32, 6, '2012-11-18 17:04:12', '5.4876', 'value', '-100.0000', '2012-11-15 00:00:00', 1),
(13, 45, 8, '2012-11-18 18:06:40', '0.1640', 'percent', '0.0000', NULL, NULL);

-- --------------------------------------------------------

--
-- Structura de tabel pentru tabelul `daily_quotes`
--

CREATE TABLE IF NOT EXISTS `daily_quotes` (
  `id` int(11) NOT NULL AUTO_INCREMENT,
  `stock_id` int(11) NOT NULL,
  `date` date NOT NULL,
  `value` decimal(10,4) NOT NULL,
  PRIMARY KEY (`id`),
  KEY `stock_id` (`stock_id`)
) ENGINE=InnoDB  DEFAULT CHARSET=latin1 AUTO_INCREMENT=302 ;

--
-- Salvarea datelor din tabel `daily_quotes`
--

INSERT INTO `daily_quotes` (`id`, `stock_id`, `date`, `value`) VALUES
(1, 2, '2012-11-15', '12.0000'),
(2, 1, '2012-10-08', '0.5250'),
(3, 1, '2012-10-09', '0.5250'),
(4, 1, '2012-10-10', '0.5250'),
(5, 1, '2012-10-11', '0.5075'),
(6, 1, '2012-10-12', '0.5100'),
(7, 1, '2012-10-15', '0.5125'),
(8, 1, '2012-10-16', '0.5220'),
(9, 1, '2012-10-17', '0.5300'),
(10, 1, '2012-10-18', '0.5300'),
(11, 1, '2012-10-19', '0.5270'),
(12, 1, '2012-10-22', '0.5265'),
(13, 1, '2012-10-23', '0.5250'),
(14, 1, '2012-10-24', '0.5260'),
(15, 1, '2012-10-25', '0.5280'),
(16, 1, '2012-10-26', '0.5330'),
(17, 1, '2012-10-29', '0.5330'),
(18, 1, '2012-10-30', '0.5345'),
(19, 1, '2012-10-31', '0.5400'),
(20, 1, '2012-11-01', '0.5410'),
(21, 1, '2012-11-02', '0.5410'),
(22, 1, '2012-11-05', '0.5370'),
(23, 1, '2012-11-06', '0.5375'),
(24, 1, '2012-11-07', '0.5350'),
(25, 1, '2012-11-08', '0.5300'),
(26, 1, '2012-11-09', '0.5375'),
(27, 1, '2012-11-12', '0.5335'),
(28, 1, '2012-11-13', '0.5300'),
(29, 1, '2012-11-14', '0.5370'),
(30, 1, '2012-11-15', '0.5300'),
(31, 1, '2012-11-16', '0.5345'),
(32, 2, '2012-10-05', '1.1680'),
(33, 2, '2012-10-08', '1.1750'),
(34, 2, '2012-10-09', '1.1750'),
(35, 2, '2012-10-10', '1.1680'),
(36, 2, '2012-10-11', '1.1680'),
(37, 2, '2012-10-12', '1.1900'),
(38, 2, '2012-10-15', '1.1800'),
(39, 2, '2012-10-16', '1.2000'),
(40, 2, '2012-10-17', '1.1980'),
(41, 2, '2012-10-18', '1.1990'),
(42, 2, '2012-10-19', '1.1880'),
(43, 2, '2012-10-22', '1.1780'),
(44, 2, '2012-10-23', '1.1650'),
(45, 2, '2012-10-24', '1.1690'),
(46, 2, '2012-10-25', '1.1700'),
(47, 2, '2012-10-26', '1.1700'),
(48, 2, '2012-10-29', '1.1610'),
(49, 2, '2012-10-31', '1.1900'),
(50, 2, '2012-11-01', '1.2000'),
(51, 2, '2012-11-02', '1.1900'),
(52, 2, '2012-11-05', '1.1950'),
(53, 2, '2012-11-06', '1.1910'),
(54, 2, '2012-11-07', '1.1880'),
(55, 2, '2012-11-08', '1.1730'),
(56, 2, '2012-11-09', '1.1710'),
(57, 2, '2012-11-12', '1.1640'),
(58, 2, '2012-11-13', '1.1600'),
(59, 2, '2012-11-14', '1.1510'),
(60, 2, '2012-11-15', '1.1400'),
(61, 2, '2012-11-16', '1.1310'),
(62, 3, '2012-10-08', '0.4000'),
(63, 3, '2012-10-09', '0.3960'),
(64, 3, '2012-10-10', '0.3980'),
(65, 3, '2012-10-11', '0.4029'),
(66, 3, '2012-10-12', '0.4025'),
(67, 3, '2012-10-15', '0.4027'),
(68, 3, '2012-10-16', '0.4150'),
(69, 3, '2012-10-17', '0.4131'),
(70, 3, '2012-10-18', '0.4150'),
(71, 3, '2012-10-19', '0.4140'),
(72, 3, '2012-10-22', '0.4100'),
(73, 3, '2012-10-23', '0.4100'),
(74, 3, '2012-10-24', '0.4100'),
(75, 3, '2012-10-25', '0.4105'),
(76, 3, '2012-10-26', '0.4100'),
(77, 3, '2012-10-29', '0.4100'),
(78, 3, '2012-10-30', '0.4091'),
(79, 3, '2012-10-31', '0.4093'),
(80, 3, '2012-11-01', '0.4125'),
(81, 3, '2012-11-02', '0.4150'),
(82, 3, '2012-11-05', '0.4160'),
(83, 3, '2012-11-06', '0.4180'),
(84, 3, '2012-11-07', '0.4105'),
(85, 3, '2012-11-08', '0.4030'),
(86, 3, '2012-11-09', '0.4005'),
(87, 3, '2012-11-12', '0.3950'),
(88, 3, '2012-11-13', '0.3920'),
(89, 3, '2012-11-14', '0.3950'),
(90, 3, '2012-11-15', '0.3970'),
(91, 3, '2012-11-16', '0.3975'),
(92, 4, '2012-10-05', '11.6000'),
(93, 4, '2012-10-08', '11.4500'),
(94, 4, '2012-10-09', '11.3000'),
(95, 4, '2012-10-10', '11.7700'),
(96, 4, '2012-10-11', '11.6000'),
(97, 4, '2012-10-12', '11.7000'),
(98, 4, '2012-10-15', '11.6100'),
(99, 4, '2012-10-16', '11.8100'),
(100, 4, '2012-10-17', '12.0000'),
(101, 4, '2012-10-18', '12.1200'),
(102, 4, '2012-10-19', '11.8000'),
(103, 4, '2012-10-22', '11.6900'),
(104, 4, '2012-10-23', '11.6400'),
(105, 4, '2012-10-24', '11.6800'),
(106, 4, '2012-10-25', '11.6700'),
(107, 4, '2012-10-26', '11.6500'),
(108, 4, '2012-10-29', '11.6000'),
(109, 4, '2012-10-30', '11.7000'),
(110, 4, '2012-10-31', '11.6800'),
(111, 4, '2012-11-01', '11.7000'),
(112, 4, '2012-11-02', '11.6500'),
(113, 4, '2012-11-05', '11.7000'),
(114, 4, '2012-11-06', '11.7500'),
(115, 4, '2012-11-07', '11.7000'),
(116, 4, '2012-11-08', '11.7000'),
(117, 4, '2012-11-09', '11.6500'),
(118, 4, '2012-11-12', '11.6000'),
(119, 4, '2012-11-13', '11.4900'),
(120, 4, '2012-11-14', '11.2900'),
(121, 4, '2012-11-16', '11.2400'),
(122, 5, '2012-10-08', '22.5900'),
(123, 5, '2012-10-09', '22.0000'),
(124, 5, '2012-10-10', '21.9000'),
(125, 5, '2012-10-11', '21.6900'),
(126, 5, '2012-10-12', '21.9000'),
(127, 5, '2012-10-15', '21.9000'),
(128, 5, '2012-10-16', '21.8700'),
(129, 5, '2012-10-17', '22.0000'),
(130, 5, '2012-10-18', '22.3000'),
(131, 5, '2012-10-19', '22.2000'),
(132, 5, '2012-10-22', '21.9000'),
(133, 5, '2012-10-23', '21.9000'),
(134, 5, '2012-10-24', '22.0500'),
(135, 5, '2012-10-25', '22.1700'),
(136, 5, '2012-10-26', '22.2500'),
(137, 5, '2012-10-29', '22.3500'),
(138, 5, '2012-10-30', '22.5800'),
(139, 5, '2012-10-31', '22.9300'),
(140, 5, '2012-11-01', '22.8000'),
(141, 5, '2012-11-02', '22.6000'),
(142, 5, '2012-11-05', '22.6000'),
(143, 5, '2012-11-06', '22.5800'),
(144, 5, '2012-11-07', '22.5000'),
(145, 5, '2012-11-08', '22.2000'),
(146, 5, '2012-11-09', '22.6000'),
(147, 5, '2012-11-12', '22.2000'),
(148, 5, '2012-11-13', '22.1000'),
(149, 5, '2012-11-14', '22.1400'),
(150, 5, '2012-11-15', '22.0000'),
(151, 5, '2012-11-16', '22.0000'),
(152, 6, '2012-10-08', '7.5000'),
(153, 6, '2012-10-09', '7.6800'),
(154, 6, '2012-10-10', '7.7300'),
(155, 6, '2012-10-11', '7.6750'),
(156, 6, '2012-10-12', '7.7000'),
(157, 6, '2012-10-15', '7.7000'),
(158, 6, '2012-10-16', '7.6700'),
(159, 6, '2012-10-17', '7.7300'),
(160, 6, '2012-10-18', '7.9050'),
(161, 6, '2012-10-19', '7.9000'),
(162, 6, '2012-10-22', '7.8200'),
(163, 6, '2012-10-23', '7.8500'),
(164, 6, '2012-10-24', '7.9500'),
(165, 6, '2012-10-25', '7.9000'),
(166, 6, '2012-10-26', '7.8500'),
(167, 6, '2012-10-29', '7.8900'),
(168, 6, '2012-10-30', '7.8000'),
(169, 6, '2012-10-31', '7.8300'),
(170, 6, '2012-11-01', '7.8000'),
(171, 6, '2012-11-02', '7.7100'),
(172, 6, '2012-11-05', '7.7500'),
(173, 6, '2012-11-06', '7.7000'),
(174, 6, '2012-11-07', '7.6000'),
(175, 6, '2012-11-08', '7.5000'),
(176, 6, '2012-11-09', '7.4500'),
(177, 6, '2012-11-12', '7.4400'),
(178, 6, '2012-11-13', '7.3550'),
(179, 6, '2012-11-14', '7.3000'),
(180, 6, '2012-11-15', '7.2100'),
(181, 6, '2012-11-16', '7.2500'),
(182, 7, '2012-10-08', '0.1096'),
(183, 7, '2012-10-09', '0.1107'),
(184, 7, '2012-10-10', '0.1104'),
(185, 7, '2012-10-11', '0.1097'),
(186, 7, '2012-10-12', '0.1071'),
(187, 7, '2012-10-15', '0.1092'),
(188, 7, '2012-10-16', '0.1130'),
(189, 7, '2012-10-17', '0.1160'),
(190, 7, '2012-10-18', '0.1169'),
(191, 7, '2012-10-19', '0.1170'),
(192, 7, '2012-10-22', '0.1152'),
(193, 7, '2012-10-23', '0.1130'),
(194, 7, '2012-10-24', '0.1146'),
(195, 7, '2012-10-25', '0.1156'),
(196, 7, '2012-10-26', '0.1135'),
(197, 7, '2012-10-29', '0.1147'),
(198, 7, '2012-10-30', '0.1143'),
(199, 7, '2012-10-31', '0.1152'),
(200, 7, '2012-11-01', '0.1142'),
(201, 7, '2012-11-02', '0.1145'),
(202, 7, '2012-11-05', '0.1133'),
(203, 7, '2012-11-06', '0.1144'),
(204, 7, '2012-11-07', '0.1130'),
(205, 7, '2012-11-08', '0.1137'),
(206, 7, '2012-11-09', '0.1122'),
(207, 7, '2012-11-12', '0.1114'),
(208, 7, '2012-11-13', '0.1100'),
(209, 7, '2012-11-14', '0.1121'),
(210, 7, '2012-11-15', '0.1089'),
(211, 7, '2012-11-16', '0.1090'),
(212, 8, '2012-10-08', '0.1900'),
(213, 8, '2012-10-09', '0.1880'),
(214, 8, '2012-10-10', '0.1871'),
(215, 8, '2012-10-11', '0.1930'),
(216, 8, '2012-10-12', '0.2000'),
(217, 8, '2012-10-15', '0.2000'),
(218, 8, '2012-10-16', '0.2030'),
(219, 8, '2012-10-17', '0.2070'),
(220, 8, '2012-10-18', '0.2104'),
(221, 8, '2012-10-19', '0.2110'),
(222, 8, '2012-10-22', '0.2110'),
(223, 8, '2012-10-23', '0.2043'),
(224, 8, '2012-10-24', '0.2050'),
(225, 8, '2012-10-25', '0.2035'),
(226, 8, '2012-10-26', '0.2025'),
(227, 8, '2012-10-29', '0.1974'),
(228, 8, '2012-10-30', '0.2025'),
(229, 8, '2012-10-31', '0.2000'),
(230, 8, '2012-11-01', '0.1990'),
(231, 8, '2012-11-02', '0.1990'),
(232, 8, '2012-11-05', '0.1990'),
(233, 8, '2012-11-06', '0.2000'),
(234, 8, '2012-11-07', '0.1982'),
(235, 8, '2012-11-08', '0.1967'),
(236, 8, '2012-11-09', '0.1969'),
(237, 8, '2012-11-12', '0.1956'),
(238, 8, '2012-11-13', '0.1950'),
(239, 8, '2012-11-14', '0.1921'),
(240, 8, '2012-11-15', '0.1920'),
(241, 8, '2012-11-16', '0.1930'),
(242, 9, '2012-10-08', '186.0000'),
(243, 9, '2012-10-09', '185.5000'),
(244, 9, '2012-10-10', '185.6000'),
(245, 9, '2012-10-11', '184.8000'),
(246, 9, '2012-10-12', '186.0000'),
(247, 9, '2012-10-15', '188.0000'),
(248, 9, '2012-10-16', '188.0000'),
(249, 9, '2012-10-17', '190.0000'),
(250, 9, '2012-10-18', '186.1000'),
(251, 9, '2012-10-19', '186.0000'),
(252, 9, '2012-10-22', '187.0000'),
(253, 9, '2012-10-23', '185.0000'),
(254, 9, '2012-10-24', '186.0000'),
(255, 9, '2012-10-25', '184.8500'),
(256, 9, '2012-10-26', '184.1000'),
(257, 9, '2012-10-29', '184.0000'),
(258, 9, '2012-10-30', '186.0000'),
(259, 9, '2012-10-31', '188.0000'),
(260, 9, '2012-11-01', '188.0000'),
(261, 9, '2012-11-02', '191.1000'),
(262, 9, '2012-11-05', '194.1000'),
(263, 9, '2012-11-06', '199.8500'),
(264, 9, '2012-11-07', '199.9500'),
(265, 9, '2012-11-08', '200.0000'),
(266, 9, '2012-11-09', '204.0000'),
(267, 9, '2012-11-12', '204.1500'),
(268, 9, '2012-11-13', '204.0000'),
(269, 9, '2012-11-14', '202.9000'),
(270, 9, '2012-11-15', '198.0500'),
(271, 9, '2012-11-16', '198.0000'),
(272, 10, '2012-10-05', '0.1860'),
(273, 10, '2012-10-08', '0.1850'),
(274, 10, '2012-10-09', '0.1830'),
(275, 10, '2012-10-10', '0.1765'),
(276, 10, '2012-10-11', '0.1789'),
(277, 10, '2012-10-12', '0.1800'),
(278, 10, '2012-10-15', '0.1875'),
(279, 10, '2012-10-16', '0.1945'),
(280, 10, '2012-10-17', '0.2000'),
(281, 10, '2012-10-18', '0.2004'),
(282, 10, '2012-10-19', '0.2020'),
(283, 10, '2012-10-22', '0.2050'),
(284, 10, '2012-10-23', '0.1990'),
(285, 10, '2012-10-24', '0.2000'),
(286, 10, '2012-10-25', '0.2036'),
(287, 10, '2012-10-29', '0.1950'),
(288, 10, '2012-10-30', '0.1998'),
(289, 10, '2012-10-31', '0.1985'),
(290, 10, '2012-11-01', '0.1940'),
(291, 10, '2012-11-02', '0.1910'),
(292, 10, '2012-11-05', '0.1910'),
(293, 10, '2012-11-06', '0.1900'),
(294, 10, '2012-11-07', '0.1885'),
(295, 10, '2012-11-08', '0.1850'),
(296, 10, '2012-11-09', '0.1820'),
(297, 10, '2012-11-12', '0.1880'),
(298, 10, '2012-11-13', '0.1880'),
(299, 10, '2012-11-14', '0.1860'),
(300, 10, '2012-11-15', '0.1820'),
(301, 10, '2012-11-16', '0.1850');

-- --------------------------------------------------------

--
-- Structura de tabel pentru tabelul `realtime_quotes`
--

CREATE TABLE IF NOT EXISTS `realtime_quotes` (
  `id` int(11) NOT NULL AUTO_INCREMENT,
  `stock_id` int(11) NOT NULL,
  `date_added` datetime NOT NULL,
  `value` decimal(10,4) NOT NULL,
  PRIMARY KEY (`id`),
  KEY `stock_id` (`stock_id`),
  KEY `stock_id_2` (`stock_id`)
) ENGINE=InnoDB  DEFAULT CHARSET=latin1 AUTO_INCREMENT=71 ;

--
-- Salvarea datelor din tabel `realtime_quotes`
--

INSERT INTO `realtime_quotes` (`id`, `stock_id`, `date_added`, `value`) VALUES
(21, 1, '2012-11-18 16:23:12', '0.5345'),
(22, 8, '2012-11-18 16:23:12', '0.1930'),
(23, 4, '2012-11-18 16:23:12', '11.2400'),
(24, 2, '2012-11-18 16:23:12', '1.1310'),
(25, 10, '2012-11-18 16:23:12', '0.1850'),
(26, 5, '2012-11-18 16:23:12', '22.0000'),
(27, 7, '2012-11-18 16:23:12', '0.1090'),
(28, 3, '2012-11-18 16:23:12', '0.3975'),
(29, 6, '2012-11-18 16:23:12', '7.2500'),
(30, 9, '2012-11-18 16:23:12', '198.0000'),
(31, 1, '2012-11-18 16:54:17', '0.5009'),
(32, 8, '2012-11-18 16:54:17', '0.1755'),
(33, 4, '2012-11-18 16:54:17', '11.1755'),
(34, 2, '2012-11-18 16:54:17', '1.0725'),
(35, 10, '2012-11-18 16:54:17', '0.1760'),
(36, 5, '2012-11-18 16:54:17', '21.3605'),
(37, 7, '2012-11-18 16:54:17', '0.1044'),
(38, 3, '2012-11-18 16:54:17', '0.3725'),
(39, 6, '2012-11-18 16:54:17', '6.8066'),
(40, 9, '2012-11-18 16:54:17', '196.9287'),
(41, 1, '2012-11-18 16:57:48', '0.4595'),
(42, 8, '2012-11-18 16:57:48', '0.1743'),
(43, 4, '2012-11-18 16:57:48', '10.0872'),
(44, 2, '2012-11-18 16:57:48', '1.0231'),
(45, 10, '2012-11-18 16:57:48', '0.1731'),
(46, 5, '2012-11-18 16:57:48', '19.4803'),
(47, 7, '2012-11-18 16:57:48', '0.0995'),
(48, 3, '2012-11-18 16:57:48', '0.3489'),
(49, 6, '2012-11-18 16:57:48', '6.2429'),
(50, 9, '2012-11-18 16:57:48', '184.5921'),
(51, 1, '2012-11-18 16:58:53', '0.4550'),
(52, 8, '2012-11-18 16:58:53', '0.1688'),
(53, 4, '2012-11-18 16:58:53', '10.0731'),
(54, 2, '2012-11-18 16:58:53', '0.9410'),
(55, 10, '2012-11-18 16:58:53', '0.1658'),
(56, 5, '2012-11-18 16:58:53', '18.1830'),
(57, 7, '2012-11-18 16:58:53', '0.0958'),
(58, 3, '2012-11-18 16:58:53', '0.3230'),
(59, 6, '2012-11-18 16:58:53', '5.9404'),
(60, 9, '2012-11-18 16:58:53', '182.7980'),
(61, 1, '2012-11-18 16:59:15', '0.4242'),
(62, 8, '2012-11-18 16:59:15', '0.1640'),
(63, 4, '2012-11-18 16:59:15', '9.8400'),
(64, 2, '2012-11-18 16:59:15', '0.8539'),
(65, 10, '2012-11-18 16:59:15', '0.1611'),
(66, 5, '2012-11-18 16:59:15', '16.5794'),
(67, 7, '2012-11-18 16:59:15', '0.0907'),
(68, 3, '2012-11-18 16:59:15', '0.2922'),
(69, 6, '2012-11-18 16:59:15', '5.4876'),
(70, 9, '2012-11-18 16:59:15', '182.4824');

-- --------------------------------------------------------

--
-- Structura de tabel pentru tabelul `stocks`
--

CREATE TABLE IF NOT EXISTS `stocks` (
  `stock_id` int(11) NOT NULL AUTO_INCREMENT,
  `name` varchar(100) NOT NULL,
  `symbol` varchar(20) NOT NULL,
  `url` varchar(100) NOT NULL,
  PRIMARY KEY (`stock_id`),
  UNIQUE KEY `name` (`name`,`symbol`)
) ENGINE=InnoDB  DEFAULT CHARSET=latin1 AUTO_INCREMENT=11 ;

--
-- Salvarea datelor din tabel `stocks`
--

INSERT INTO `stocks` (`stock_id`, `name`, `symbol`, `url`) VALUES
(1, 'Fondul Proprietatea', 'FP', 'http://bvb.ro/tempimages/dcd_2/dcp_999fce32-2-2D.png?guid=7abebd5f-3a43-49c5-87fa-f1df9fcc60c9'),
(2, 'Transilvania', 'TLV', 'http://bvb.ro/tempimages/dcd_2/dcp_999fce32-2-33.png?guid=b6e7ad19-7816-4192-84df-83172ee9b13b'),
(3, 'Petrom', 'SNP', 'http://bvb.ro/tempimages/dcd_2/dcp_999fce32-2-A.png?guid=5452d582-65bf-4511-9485-4036477601d4'),
(4, 'Transelectrica', 'TEL', 'http://bvb.ro/tempimages/dcd_2/dcp_999fce32-2-4A.png?guid=096d387e-6acb-4917-9513-b0a2bfeada9a'),
(5, 'Bursa de valori Bucuresti', 'BVB', 'http://bvb.ro/tempimages/dcd_2/dcp_999fce32-2-4E.png?guid=6be4d690-6f56-415f-8e8a-5f1995bd8652'),
(6, 'Banca Romana de Dezvoltare', 'BRD', 'http://bvb.ro/tempimages/dcd_2/dcp_999fce32-2-4F.png?guid=938bb877-d3d4-46c9-b5aa-41be774c74db'),
(7, 'Brokerul Cluj', 'BRK', 'http://bvb.ro/tempimages/dcd_2/dcp_999fce32-2-5B.png?guid=7088d4e0-3451-40b3-801a-19470dd97618'),
(8, 'Biofarm', 'BIO', 'http://bvb.ro/tempimages/dcd_2/dcp_999fce32-2-5C.png?guid=60f68e5e-fe5b-4a9b-b663-f91c190781d5'),
(9, 'Transgaz', 'TGN', 'http://bvb.ro/tempimages/dcd_2/dcp_999fce32-2-64.png?guid=766c9fca-0087-4fca-b155-0dc2b2d1c73d'),
(10, 'Electromagnetica', 'ELMA', 'http://bvb.ro/tempimages/dcd_2/dcp_999fce32-2-68.png?guid=8ba6ba33-0d90-491d-a784-a19d125d78ec');

-- --------------------------------------------------------

--
-- Structura de tabel pentru tabelul `users`
--

CREATE TABLE IF NOT EXISTS `users` (
  `user_id` int(11) NOT NULL AUTO_INCREMENT,
  `username` varchar(20) NOT NULL,
  `password` varchar(64) NOT NULL,
  `email` varchar(20) DEFAULT NULL,
  `first_name` varchar(20) DEFAULT NULL,
  `last_name` varchar(20) DEFAULT NULL,
  `birthday` date DEFAULT NULL,
  `sex` varchar(1) DEFAULT NULL,
  `job` varchar(20) DEFAULT NULL,
  `phone` varchar(20) DEFAULT NULL,
  PRIMARY KEY (`user_id`),
  UNIQUE KEY `username` (`username`),
  UNIQUE KEY `email` (`email`)
) ENGINE=InnoDB  DEFAULT CHARSET=latin1 AUTO_INCREMENT=46 ;

--
-- Salvarea datelor din tabel `users`
--

INSERT INTO `users` (`user_id`, `username`, `password`, `email`, `first_name`, `last_name`, `birthday`, `sex`, `job`, `phone`) VALUES
(1, 'x', 'undefined', '', '', '', '2012-11-17', '', '', ''),
(7, 'abc', 'abc', NULL, NULL, NULL, NULL, '', NULL, NULL),
(32, 'b', 'b', 'v', 'baba', 'v', '2012-11-18', 'v', '', 'v'),
(35, 'Mihai', 'a', 'Mihai', 'mihai', '', '2012-11-18', 'M', 'studn', '1232131'),
(41, 'c', 'c', 'c', '', '', '0000-00-00', '', '', ''),
(42, 'mihaiC', 'qscesz', 'adas', 'mihai', 'mihai', '0000-00-00', '', 'student', '12321'),
(43, 'd', 'dd', 'd', 'dd', 'd', '0000-00-00', '', 'd', '1'),
(44, 'e', 'e', 'e', 'e', 'e', '2000-11-18', '', '', ''),
(45, 'q', 'q', 'q', '', '', '0000-00-00', '', '', '');

-- --------------------------------------------------------

--
-- Structura de tabel pentru tabelul `watchlist`
--

CREATE TABLE IF NOT EXISTS `watchlist` (
  `id` int(11) NOT NULL AUTO_INCREMENT,
  `user_id` int(11) NOT NULL,
  `stock_id` int(11) NOT NULL,
  `date_added` datetime NOT NULL,
  `value` decimal(10,4) NOT NULL,
  PRIMARY KEY (`id`),
  KEY `user_id` (`user_id`),
  KEY `stock_id` (`stock_id`)
) ENGINE=InnoDB  DEFAULT CHARSET=latin1 AUTO_INCREMENT=43 ;

--
-- Salvarea datelor din tabel `watchlist`
--

INSERT INTO `watchlist` (`id`, `user_id`, `stock_id`, `date_added`, `value`) VALUES
(26, 32, 1, '2012-11-18 15:00:49', '0.5345'),
(30, 32, 5, '2012-11-18 15:05:21', '22.0000'),
(32, 32, 10, '2012-11-18 16:26:37', '0.1850'),
(33, 32, 4, '2012-11-18 16:26:41', '11.2400'),
(34, 32, 9, '2012-11-18 16:31:22', '198.0000'),
(35, 43, 8, '2012-11-18 16:52:54', '0.1930'),
(36, 43, 10, '2012-11-18 16:52:57', '0.1850'),
(37, 43, 6, '2012-11-18 16:53:02', '7.2500'),
(38, 43, 9, '2012-11-18 16:53:07', '198.0000'),
(39, 43, 1, '2012-11-18 16:53:11', '0.5345'),
(40, 43, 4, '2012-11-18 16:53:15', '11.2400'),
(41, 43, 3, '2012-11-18 16:53:20', '0.3975'),
(42, 45, 9, '2012-11-18 18:08:37', '182.4824');

--
-- Restrictii pentru tabele sterse
--

--
-- Restrictii pentru tabele `alerts`
--
ALTER TABLE `alerts`
  ADD CONSTRAINT `FK_alerts_1` FOREIGN KEY (`stock_id`) REFERENCES `stocks` (`stock_id`) ON DELETE CASCADE ON UPDATE CASCADE,
  ADD CONSTRAINT `FK_alerts_2` FOREIGN KEY (`user_id`) REFERENCES `users` (`user_id`) ON DELETE CASCADE ON UPDATE CASCADE;

--
-- Restrictii pentru tabele `daily_quotes`
--
ALTER TABLE `daily_quotes`
  ADD CONSTRAINT `FK_daily_quotes` FOREIGN KEY (`stock_id`) REFERENCES `stocks` (`stock_id`) ON DELETE CASCADE ON UPDATE CASCADE;

--
-- Restrictii pentru tabele `realtime_quotes`
--
ALTER TABLE `realtime_quotes`
  ADD CONSTRAINT `FK_realtime_quotes` FOREIGN KEY (`stock_id`) REFERENCES `stocks` (`stock_id`) ON DELETE CASCADE ON UPDATE CASCADE;

--
-- Restrictii pentru tabele `watchlist`
--
ALTER TABLE `watchlist`
  ADD CONSTRAINT `FK_watchlist_1` FOREIGN KEY (`stock_id`) REFERENCES `stocks` (`stock_id`) ON DELETE CASCADE ON UPDATE CASCADE,
  ADD CONSTRAINT `FK_watchlist_2` FOREIGN KEY (`user_id`) REFERENCES `users` (`user_id`) ON DELETE CASCADE ON UPDATE CASCADE;

/*!40101 SET CHARACTER_SET_CLIENT=@OLD_CHARACTER_SET_CLIENT */;
/*!40101 SET CHARACTER_SET_RESULTS=@OLD_CHARACTER_SET_RESULTS */;
/*!40101 SET COLLATION_CONNECTION=@OLD_COLLATION_CONNECTION */;
